severity	updateDate	comments	author	fromHotspot	line	rule	project	effort	message	creationDate	type	tags	component	flows	organization	textRange	debt	key	hash	status
MINOR	2020-04-13T11:36:27+0530			false	-	php:S105	13thApril_Demo	2min	Replace all tab characters in this file by sequences of white-spaces.	2020-04-13T11:36:27+0530	CODE_SMELL	"convention / psr2 / "	13thApril_Demo:NullValueCheck.php		default-organization	-	2min	AXFyJbBpoxlLIrvNu6--	-	OPEN
MAJOR	2020-04-13T11:36:27+0530			false	-	common-php:InsufficientLineCoverage	13thApril_Demo	22min	11 more lines of code need to be covered by tests to reach the minimum threshold of 65.0% lines coverage.	2020-04-13T11:36:27+0530	CODE_SMELL	"bad-practice / "	13thApril_Demo:NullValueCheck.php		default-organization	-	22min	AXFyJbBpoxlLIrvNu6-0	-	OPEN
MAJOR	2020-04-13T11:36:27+0530			false	-	common-php:InsufficientCommentDensity	13thApril_Demo	20min	10 more comment lines need to be written to reach the minimum threshold of 25.0% comment density.	2020-04-13T11:36:27+0530	CODE_SMELL	"convention / "	13thApril_Demo:NullValueCheck.php		default-organization	-	20min	AXFyJbBpoxlLIrvNu6-1	-	OPEN
MINOR	2020-04-13T11:36:27+0530			false	-	php:S113	13thApril_Demo	1min	Add a new line at the end of this file.	2020-04-13T11:36:27+0530	CODE_SMELL	"convention / "	13thApril_Demo:NullValueCheck.php		default-organization	-	1min	AXFyJbBpoxlLIrvNu6_M	-	OPEN
MINOR	2020-04-13T11:36:27+0530			false	-	php:S1779	13thApril_Demo	2min	"Replace all non line feed end of line characters in this file ""NullValueCheck.php"" by LF."	2020-04-13T11:36:27+0530	CODE_SMELL	"convention / psr2 / "	13thApril_Demo:NullValueCheck.php		default-organization	-	2min	AXFyJbBpoxlLIrvNu6_O	-	OPEN
BLOCKER	2020-04-13T11:36:27+0530			false	-	php:S1451	13thApril_Demo	5min	Add or update the header of this file.	2020-04-13T11:36:27+0530	CODE_SMELL		13thApril_Demo:NullValueCheck.php		default-organization	-	5min	AXFyJbBpoxlLIrvNu6_a	-	OPEN
MAJOR	2020-04-13T11:36:27+0530			false	-	php:S2036	13thApril_Demo	5min	Refactor this file to either declare symbols or cause side effects, but not both.	2020-04-13T11:36:27+0530	BUG	"psr1 / user-experience / "	13thApril_Demo:NullValueCheck.php		default-organization	-	5min	AXFyJbBpoxlLIrvNu6_b	-	OPEN
MINOR	2020-04-13T11:36:27+0530			false	-	php:S1578	13thApril_Demo	10min	"Rename this file to match this regular expression: ""[a-z][A-Za-z0-9]+.php"""	2020-04-13T11:36:27+0530	CODE_SMELL	"convention / "	13thApril_Demo:NullValueCheck.php		default-organization	-	10min	AXFyJbBpoxlLIrvNu6_c	-	OPEN
MINOR	2020-04-13T11:36:27+0530			false	1.0	php:S1131	13thApril_Demo	1min	Remove the useless trailing whitespaces at the end of this line.	2020-04-13T11:36:27+0530	CODE_SMELL	"convention / psr2 / "	13thApril_Demo:NullValueCheck.php		default-organization	{startLine=1.0, endLine=1.0, startOffset=0.0, endOffset=6.0}	1min	AXFyJbBpoxlLIrvNu6-2	feabe5cc691b088d6ade3e04d6b120fc	OPEN
MAJOR	2020-04-13T11:36:27+0530			false	2.0	php:S125	13thApril_Demo	5min	Remove this commented out code.	2020-04-13T11:36:27+0530	CODE_SMELL	"unused / "	13thApril_Demo:NullValueCheck.php		default-organization	{startLine=2.0, endLine=2.0, startOffset=0.0, endOffset=119.0}	5min	AXFyJbBpoxlLIrvNu6_d	4d1d3aa255f86fc6a12e5d87a9ccd4df	OPEN
MINOR	2020-04-13T11:36:27+0530			false	2.0	php:S139	13thApril_Demo	1min	Move this trailing comment on the previous empty line.	2020-04-13T11:36:27+0530	CODE_SMELL	"convention / "	13thApril_Demo:NullValueCheck.php		default-organization	{startLine=2.0, endLine=2.0, startOffset=50.0, endOffset=119.0}	1min	AXFyJbBpoxlLIrvNu6_e	4d1d3aa255f86fc6a12e5d87a9ccd4df	OPEN
BLOCKER	2020-04-13T11:36:27+0530			false	2.0	php:S2007	13thApril_Demo	15min	Move this function into a class.	2020-04-13T11:36:27+0530	CODE_SMELL	"design / "	13thApril_Demo:NullValueCheck.php		default-organization	{startLine=2.0, endLine=2.0, startOffset=14.0, endOffset=27.0}	15min	AXFyJbBpoxlLIrvNu6_f	4d1d3aa255f86fc6a12e5d87a9ccd4df	OPEN
MAJOR	2020-04-13T11:36:27+0530			false	2.0	custom:NullValue	13thApril_Demo	5min	Parameters should be checked for NULL condition before use.	2020-04-13T11:36:27+0530	CODE_SMELL	"convention / "	13thApril_Demo:NullValueCheck.php		default-organization	{startLine=2.0, endLine=31.0, startOffset=5.0, endOffset=6.0}	5min	AXFyJbBpoxlLIrvNu6_h	4d1d3aa255f86fc6a12e5d87a9ccd4df	OPEN
MINOR	2020-04-13T11:36:27+0530			false	3.0	php:S1105	13thApril_Demo	1min	Move this open curly brace to the end of the previous line.	2020-04-13T11:36:27+0530	CODE_SMELL	"convention / "	13thApril_Demo:NullValueCheck.php		default-organization	{startLine=3.0, endLine=3.0, startOffset=5.0, endOffset=6.0}	1min	AXFyJbBpoxlLIrvNu6_V	f95b70fdc3088560732a5ac135644506	OPEN
MINOR	2020-04-13T11:36:27+0530			false	4.0	php:S1131	13thApril_Demo	1min	Remove the useless trailing whitespaces at the end of this line.	2020-04-13T11:36:27+0530	CODE_SMELL	"convention / psr2 / "	13thApril_Demo:NullValueCheck.php		default-organization	{startLine=4.0, endLine=4.0, startOffset=0.0, endOffset=16.0}	1min	AXFyJbBpoxlLIrvNu6-3	c12bd44034571c946205fefbbf76b989	OPEN
MINOR	2020-04-13T11:36:27+0530			false	4.0	php:S1481	13thApril_Demo	5min	"Remove this unused ""$x"" local variable."	2020-04-13T11:36:27+0530	CODE_SMELL	"unused / "	13thApril_Demo:NullValueCheck.php		default-organization	{startLine=4.0, endLine=4.0, startOffset=7.0, endOffset=9.0}	5min	AXFyJbBpoxlLIrvNu6_W	c12bd44034571c946205fefbbf76b989	OPEN
MINOR	2020-04-13T11:36:27+0530			false	6.0	php:S1131	13thApril_Demo	1min	Remove the useless trailing whitespaces at the end of this line.	2020-04-13T11:36:27+0530	CODE_SMELL	"convention / psr2 / "	13thApril_Demo:NullValueCheck.php		default-organization	{startLine=6.0, endLine=6.0, startOffset=0.0, endOffset=19.0}	1min	AXFyJbBpoxlLIrvNu6-4	f95b70fdc3088560732a5ac135644506	OPEN
MINOR	2020-04-13T11:36:27+0530			false	6.0	php:S1808	13thApril_Demo	1min	Move this open curly brace to the end of the previous line.	2020-04-13T11:36:27+0530	CODE_SMELL	"psr2 / style / "	13thApril_Demo:NullValueCheck.php		default-organization	{startLine=6.0, endLine=6.0, startOffset=7.0, endOffset=8.0}	1min	AXFyJbBpoxlLIrvNu6-_	f95b70fdc3088560732a5ac135644506	OPEN
MINOR	2020-04-13T11:36:27+0530			false	6.0	php:S1105	13thApril_Demo	1min	Move this open curly brace to the end of the previous line.	2020-04-13T11:36:27+0530	CODE_SMELL	"convention / "	13thApril_Demo:NullValueCheck.php		default-organization	{startLine=6.0, endLine=6.0, startOffset=7.0, endOffset=8.0}	1min	AXFyJbBpoxlLIrvNu6_U	f95b70fdc3088560732a5ac135644506	OPEN
MINOR	2020-04-13T11:36:27+0530			false	8.0	php:S1808	13thApril_Demo	1min	Move this open curly brace to the end of the previous line.	2020-04-13T11:36:27+0530	CODE_SMELL	"psr2 / style / "	13thApril_Demo:NullValueCheck.php		default-organization	{startLine=8.0, endLine=8.0, startOffset=11.0, endOffset=12.0}	1min	AXFyJbBpoxlLIrvNu6_B	f95b70fdc3088560732a5ac135644506	OPEN
MINOR	2020-04-13T11:36:27+0530			false	8.0	php:S1105	13thApril_Demo	1min	Move this open curly brace to the end of the previous line.	2020-04-13T11:36:27+0530	CODE_SMELL	"convention / "	13thApril_Demo:NullValueCheck.php		default-organization	{startLine=8.0, endLine=8.0, startOffset=11.0, endOffset=12.0}	1min	AXFyJbBpoxlLIrvNu6_S	f95b70fdc3088560732a5ac135644506	OPEN
MAJOR	2020-04-13T11:36:27+0530			false	9.0	php:S112	13thApril_Demo	20min	Define and throw a dedicated exception instead of using a generic one.	2020-04-13T11:36:27+0530	CODE_SMELL	"cwe / error-handling / "	13thApril_Demo:NullValueCheck.php		default-organization	{startLine=9.0, endLine=9.0, startOffset=25.0, endOffset=34.0}	20min	AXFyJbBpoxlLIrvNu6_N	1f29cdb5bc1c2ec92b2543090ce72747	OPEN
MINOR	2020-04-13T11:36:27+0530			false	11.0	php:S1131	13thApril_Demo	1min	Remove the useless trailing whitespaces at the end of this line.	2020-04-13T11:36:27+0530	CODE_SMELL	"convention / psr2 / "	13thApril_Demo:NullValueCheck.php		default-organization	{startLine=11.0, endLine=11.0, startOffset=0.0, endOffset=16.0}	1min	AXFyJbBpoxlLIrvNu6-5	2954e92a9b4d0e998fe4893f8141649a	OPEN
MINOR	2020-04-13T11:36:27+0530			false	11.0	php:S1808	13thApril_Demo	1min	"Move this ""else"" to the same line as the previous closing curly brace."	2020-04-13T11:36:27+0530	CODE_SMELL	"psr2 / style / "	13thApril_Demo:NullValueCheck.php		default-organization	{startLine=11.0, endLine=11.0, startOffset=11.0, endOffset=15.0}	1min	AXFyJbBpoxlLIrvNu6_C	2954e92a9b4d0e998fe4893f8141649a	OPEN
MINOR	2020-04-13T11:36:27+0530			false	12.0	php:S1808	13thApril_Demo	1min	Move this open curly brace to the end of the previous line.	2020-04-13T11:36:27+0530	CODE_SMELL	"psr2 / style / "	13thApril_Demo:NullValueCheck.php		default-organization	{startLine=12.0, endLine=12.0, startOffset=11.0, endOffset=12.0}	1min	AXFyJbBpoxlLIrvNu6_D	f95b70fdc3088560732a5ac135644506	OPEN
MINOR	2020-04-13T11:36:27+0530			false	12.0	php:S1105	13thApril_Demo	1min	Move this open curly brace to the end of the previous line.	2020-04-13T11:36:27+0530	CODE_SMELL	"convention / "	13thApril_Demo:NullValueCheck.php		default-organization	{startLine=12.0, endLine=12.0, startOffset=11.0, endOffset=12.0}	1min	AXFyJbBpoxlLIrvNu6_R	f95b70fdc3088560732a5ac135644506	OPEN
MINOR	2020-04-13T11:36:27+0530			false	13.0	php:S1481	13thApril_Demo	5min	"Remove this unused ""$v"" local variable."	2020-04-13T11:36:27+0530	CODE_SMELL	"unused / "	13thApril_Demo:NullValueCheck.php		default-organization	{startLine=13.0, endLine=13.0, startOffset=15.0, endOffset=17.0}	5min	AXFyJbBpoxlLIrvNu6_X	3bed2f639f8dd16f83cd44285b950448	OPEN
MINOR	2020-04-13T11:36:27+0530			false	14.0	php:S1808	13thApril_Demo	1min	Put one space between the closing parenthesis and the opening curly brace.	2020-04-13T11:36:27+0530	CODE_SMELL	"psr2 / style / "	13thApril_Demo:NullValueCheck.php		default-organization	{startLine=14.0, endLine=14.0, startOffset=32.0, endOffset=33.0}	1min	AXFyJbBpoxlLIrvNu6_G	fc06f1b4f7043e43609b838385461ead	OPEN
MINOR	2020-04-13T11:36:27+0530			false	14.0	php:S1106	13thApril_Demo	1min	Move this open curly brace to the beginning of next line.	2020-04-13T11:36:27+0530	CODE_SMELL	"convention / "	13thApril_Demo:NullValueCheck.php		default-organization	{startLine=14.0, endLine=14.0, startOffset=33.0, endOffset=34.0}	1min	AXFyJbBpoxlLIrvNu6_P	fc06f1b4f7043e43609b838385461ead	OPEN
MINOR	2020-04-13T11:36:27+0530			false	15.0	php:S1481	13thApril_Demo	5min	"Remove this unused ""$d"" local variable."	2020-04-13T11:36:27+0530	CODE_SMELL	"unused / "	13thApril_Demo:NullValueCheck.php		default-organization	{startLine=15.0, endLine=15.0, startOffset=15.0, endOffset=17.0}	5min	AXFyJbBpoxlLIrvNu6_Y	f3a54da9ffd86bb0c74df77e5936c955	OPEN
MINOR	2020-04-13T11:36:27+0530			false	17.0	php:S1481	13thApril_Demo	5min	"Remove this unused ""$r"" local variable."	2020-04-13T11:36:27+0530	CODE_SMELL	"unused / "	13thApril_Demo:NullValueCheck.php		default-organization	{startLine=17.0, endLine=17.0, startOffset=15.0, endOffset=17.0}	5min	AXFyJbBpoxlLIrvNu6_Z	2e0c68a1a2554e3510b7919a05934a1c	OPEN
MINOR	2020-04-13T11:36:27+0530			false	19.0	php:S1808	13thApril_Demo	1min	"Put one space between this ""for"" keyword and the opening parenthesis."	2020-04-13T11:36:27+0530	CODE_SMELL	"psr2 / style / "	13thApril_Demo:NullValueCheck.php		default-organization	{startLine=19.0, endLine=19.0, startOffset=15.0, endOffset=18.0}	1min	AXFyJbBpoxlLIrvNu6_I	1299ce4cce2b4b0d901e85695ac7c7ab	OPEN
MINOR	2020-04-13T11:36:27+0530			false	19.0	php:S1808	13thApril_Demo	1min	"Put exactly one space after each "";"" character in the ""for"" statement."	2020-04-13T11:36:27+0530	CODE_SMELL	"psr2 / style / "	13thApril_Demo:NullValueCheck.php		default-organization	{startLine=19.0, endLine=19.0, startOffset=35.0, endOffset=36.0}	1min	AXFyJbBpoxlLIrvNu6_J	1299ce4cce2b4b0d901e85695ac7c7ab	OPEN
MINOR	2020-04-13T11:36:27+0530			false	20.0	php:S1808	13thApril_Demo	1min	Move this open curly brace to the end of the previous line.	2020-04-13T11:36:27+0530	CODE_SMELL	"psr2 / style / "	13thApril_Demo:NullValueCheck.php		default-organization	{startLine=20.0, endLine=20.0, startOffset=15.0, endOffset=16.0}	1min	AXFyJbBpoxlLIrvNu6_E	f95b70fdc3088560732a5ac135644506	OPEN
MINOR	2020-04-13T11:36:27+0530			false	20.0	php:S1105	13thApril_Demo	1min	Move this open curly brace to the end of the previous line.	2020-04-13T11:36:27+0530	CODE_SMELL	"convention / "	13thApril_Demo:NullValueCheck.php		default-organization	{startLine=20.0, endLine=20.0, startOffset=15.0, endOffset=16.0}	1min	AXFyJbBpoxlLIrvNu6_Q	f95b70fdc3088560732a5ac135644506	OPEN
MINOR	2020-04-13T11:36:27+0530			false	26.0	php:S1808	13thApril_Demo	1min	"Move this ""catch"" to the same line as the previous closing curly brace."	2020-04-13T11:36:27+0530	CODE_SMELL	"psr2 / style / "	13thApril_Demo:NullValueCheck.php		default-organization	{startLine=26.0, endLine=26.0, startOffset=7.0, endOffset=12.0}	1min	AXFyJbBpoxlLIrvNu6_A	206c63871eaeb9376702292137fd3475	OPEN
MINOR	2020-04-13T11:36:27+0530			false	26.0	php:S1808	13thApril_Demo	1min	"Put one space between this ""catch"" keyword and the opening parenthesis."	2020-04-13T11:36:27+0530	CODE_SMELL	"psr2 / style / "	13thApril_Demo:NullValueCheck.php		default-organization	{startLine=26.0, endLine=26.0, startOffset=7.0, endOffset=12.0}	1min	AXFyJbBpoxlLIrvNu6_K	206c63871eaeb9376702292137fd3475	OPEN
MINOR	2020-04-13T11:36:27+0530			false	27.0	php:S1808	13thApril_Demo	1min	Move this open curly brace to the end of the previous line.	2020-04-13T11:36:27+0530	CODE_SMELL	"psr2 / style / "	13thApril_Demo:NullValueCheck.php		default-organization	{startLine=27.0, endLine=27.0, startOffset=7.0, endOffset=8.0}	1min	AXFyJbBpoxlLIrvNu6_F	f95b70fdc3088560732a5ac135644506	OPEN
MINOR	2020-04-13T11:36:27+0530			false	27.0	php:S1105	13thApril_Demo	1min	Move this open curly brace to the end of the previous line.	2020-04-13T11:36:27+0530	CODE_SMELL	"convention / "	13thApril_Demo:NullValueCheck.php		default-organization	{startLine=27.0, endLine=27.0, startOffset=7.0, endOffset=8.0}	1min	AXFyJbBpoxlLIrvNu6_T	f95b70fdc3088560732a5ac135644506	OPEN
MINOR	2020-04-13T11:36:27+0530			false	29.0	php:S1131	13thApril_Demo	1min	Remove the useless trailing whitespaces at the end of this line.	2020-04-13T11:36:27+0530	CODE_SMELL	"convention / psr2 / "	13thApril_Demo:NullValueCheck.php		default-organization	{startLine=29.0, endLine=29.0, startOffset=0.0, endOffset=16.0}	1min	AXFyJbBpoxlLIrvNu6-6	cbb184dd8e05c9709e5dcaedaa0495cf	OPEN
MINOR	2020-04-13T11:36:27+0530			false	33.0	php:S1131	13thApril_Demo	1min	Remove the useless trailing whitespaces at the end of this line.	2020-04-13T11:36:27+0530	CODE_SMELL	"convention / psr2 / "	13thApril_Demo:NullValueCheck.php		default-organization	{startLine=33.0, endLine=33.0, startOffset=0.0, endOffset=15.0}	1min	AXFyJbBpoxlLIrvNu6-7	c12bd44034571c946205fefbbf76b989	OPEN
BLOCKER	2020-04-13T11:36:27+0530			false	33.0	php:S2007	13thApril_Demo	15min	Move this variable into a class.	2020-04-13T11:36:27+0530	CODE_SMELL	"design / "	13thApril_Demo:NullValueCheck.php		default-organization	{startLine=33.0, endLine=33.0, startOffset=5.0, endOffset=7.0}	15min	AXFyJbBpoxlLIrvNu6_g	c12bd44034571c946205fefbbf76b989	OPEN
MINOR	2020-04-13T11:36:27+0530			false	34.0	php:S1131	13thApril_Demo	1min	Remove the useless trailing whitespaces at the end of this line.	2020-04-13T11:36:27+0530	CODE_SMELL	"convention / psr2 / "	13thApril_Demo:NullValueCheck.php		default-organization	{startLine=34.0, endLine=34.0, startOffset=0.0, endOffset=10.0}	1min	AXFyJbBpoxlLIrvNu6-8	b3a398d5098a2ffc14ddd49bd2f6a754	OPEN
MINOR	2020-04-13T11:36:27+0530			false	35.0	php:S1131	13thApril_Demo	1min	Remove the useless trailing whitespaces at the end of this line.	2020-04-13T11:36:27+0530	CODE_SMELL	"convention / psr2 / "	13thApril_Demo:NullValueCheck.php		default-organization	{startLine=35.0, endLine=35.0, startOffset=0.0, endOffset=32.0}	1min	AXFyJbBpoxlLIrvNu6-9	1c4bbc94fd8bab0a35adbc2aea233e5f	OPEN
MINOR	2020-04-13T11:36:27+0530			false	35.0	php:S1808	13thApril_Demo	1min	Put exactly one space after comma separated arguments.	2020-04-13T11:36:27+0530	CODE_SMELL	"psr2 / style / "	13thApril_Demo:NullValueCheck.php		default-organization	{startLine=35.0, endLine=35.0, startOffset=21.0, endOffset=22.0}	1min	AXFyJbBpoxlLIrvNu6_H	1c4bbc94fd8bab0a35adbc2aea233e5f	OPEN
MINOR	2020-04-13T11:36:27+0530			false	38.0	php:S1780	13thApril_Demo	2min	"Remove this closing tag ""?>""."	2020-04-13T11:36:27+0530	CODE_SMELL	"bad-practice / psr2 / "	13thApril_Demo:NullValueCheck.php		default-organization	{startLine=38.0, endLine=38.0, startOffset=0.0, endOffset=2.0}	2min	AXFyJbBpoxlLIrvNu6_L	6ec256c8a7669df51b63aea2878825e2	OPEN
MINOR	2020-04-13T11:36:27+0530			false	-	php:S105	13thApril_Demo	2min	Replace all tab characters in this file by sequences of white-spaces.	2020-04-13T11:36:27+0530	CODE_SMELL	"convention / psr2 / "	13thApril_Demo:Test_Final.php		default-organization	-	2min	AXFyJbMZoxlLIrvNu7A8	-	OPEN
MAJOR	2020-04-13T11:36:27+0530			false	-	common-php:InsufficientLineCoverage	13thApril_Demo	26min	13 more lines of code need to be covered by tests to reach the minimum threshold of 65.0% lines coverage.	2020-04-13T11:36:27+0530	CODE_SMELL	"bad-practice / "	13thApril_Demo:Test_Final.php		default-organization	-	26min	AXFyJbMZoxlLIrvNu7Ay	-	OPEN
MAJOR	2020-04-13T11:36:27+0530			false	-	common-php:InsufficientCommentDensity	13thApril_Demo	16min	8 more comment lines need to be written to reach the minimum threshold of 25.0% comment density.	2020-04-13T11:36:27+0530	CODE_SMELL	"convention / "	13thApril_Demo:Test_Final.php		default-organization	-	16min	AXFyJbMZoxlLIrvNu7Az	-	OPEN
MINOR	2020-04-13T11:36:27+0530			false	-	php:S1779	13thApril_Demo	2min	"Replace all non line feed end of line characters in this file ""Test_Final.php"" by LF."	2020-04-13T11:36:27+0530	CODE_SMELL	"convention / psr2 / "	13thApril_Demo:Test_Final.php		default-organization	-	2min	AXFyJbMZoxlLIrvNu7BO	-	OPEN
MAJOR	2020-04-13T11:36:27+0530			false	-	php:S2036	13thApril_Demo	5min	Refactor this file to either declare symbols or cause side effects, but not both.	2020-04-13T11:36:27+0530	BUG	"psr1 / user-experience / "	13thApril_Demo:Test_Final.php		default-organization	-	5min	AXFyJbMZoxlLIrvNu7BX	-	OPEN
MINOR	2020-04-13T11:36:27+0530			false	-	php:S1578	13thApril_Demo	10min	"Rename this file to match this regular expression: ""[a-z][A-Za-z0-9]+.php"""	2020-04-13T11:36:27+0530	CODE_SMELL	"convention / "	13thApril_Demo:Test_Final.php		default-organization	-	10min	AXFyJbMZoxlLIrvNu7BY	-	OPEN
MINOR	2020-04-13T11:36:27+0530			false	3.0	php:S1131	13thApril_Demo	1min	Remove the useless trailing whitespaces at the end of this line.	2020-04-13T11:36:27+0530	CODE_SMELL	"convention / psr2 / "	13thApril_Demo:Test_Final.php		default-organization	{startLine=3.0, endLine=3.0, startOffset=0.0, endOffset=24.0}	1min	AXFyJbMZoxlLIrvNu7A0	c4fc33c7b16b916016e1d5efd603cef4	OPEN
MAJOR	2020-04-13T11:36:27+0530			false	3.0	custom:S2	13thApril_Demo	5min	Remove the usage of this forbidden function.	2020-04-13T11:36:27+0530	CODE_SMELL	"convention / "	13thApril_Demo:Test_Final.php		default-organization	{startLine=3.0, endLine=3.0, startOffset=0.0, endOffset=3.0}	5min	AXFyJbMZoxlLIrvNu7Bi	c4fc33c7b16b916016e1d5efd603cef4	OPEN
MAJOR	2020-04-13T11:36:27+0530			false	3.0	custom:S1	13thApril_Demo	5min	Remove the usage of this forbidden function.	2020-04-13T11:36:27+0530	CODE_SMELL	"convention / "	13thApril_Demo:Test_Final.php		default-organization	{startLine=3.0, endLine=3.0, startOffset=0.0, endOffset=3.0}	5min	AXFyJbMZoxlLIrvNu7Bp	c4fc33c7b16b916016e1d5efd603cef4	OPEN
MINOR	2020-04-13T11:36:27+0530			false	4.0	php:S1131	13thApril_Demo	1min	Remove the useless trailing whitespaces at the end of this line.	2020-04-13T11:36:27+0530	CODE_SMELL	"convention / psr2 / "	13thApril_Demo:Test_Final.php		default-organization	{startLine=4.0, endLine=4.0, startOffset=0.0, endOffset=24.0}	1min	AXFyJbMZoxlLIrvNu7A1	a86e2827f11b36654b0bb7941271c05b	OPEN
MAJOR	2020-04-13T11:36:27+0530			false	4.0	custom:S2	13thApril_Demo	5min	Remove the usage of this forbidden function.	2020-04-13T11:36:27+0530	CODE_SMELL	"convention / "	13thApril_Demo:Test_Final.php		default-organization	{startLine=4.0, endLine=4.0, startOffset=0.0, endOffset=3.0}	5min	AXFyJbMZoxlLIrvNu7Bj	a86e2827f11b36654b0bb7941271c05b	OPEN
MAJOR	2020-04-13T11:36:27+0530			false	4.0	custom:S1	13thApril_Demo	5min	Remove the usage of this forbidden function.	2020-04-13T11:36:27+0530	CODE_SMELL	"convention / "	13thApril_Demo:Test_Final.php		default-organization	{startLine=4.0, endLine=4.0, startOffset=0.0, endOffset=3.0}	5min	AXFyJbMZoxlLIrvNu7Bq	a86e2827f11b36654b0bb7941271c05b	OPEN
MINOR	2020-04-13T11:36:27+0530			false	6.0	php:S1131	13thApril_Demo	1min	Remove the useless trailing whitespaces at the end of this line.	2020-04-13T11:36:27+0530	CODE_SMELL	"convention / psr2 / "	13thApril_Demo:Test_Final.php		default-organization	{startLine=6.0, endLine=6.0, startOffset=0.0, endOffset=24.0}	1min	AXFyJbMZoxlLIrvNu7A2	2b4c7e5e69180e5478ea606f1037d3c6	OPEN
MAJOR	2020-04-13T11:36:27+0530			false	6.0	custom:S2	13thApril_Demo	5min	Remove the usage of this forbidden function.	2020-04-13T11:36:27+0530	CODE_SMELL	"convention / "	13thApril_Demo:Test_Final.php		default-organization	{startLine=6.0, endLine=6.0, startOffset=0.0, endOffset=3.0}	5min	AXFyJbMZoxlLIrvNu7Bk	2b4c7e5e69180e5478ea606f1037d3c6	OPEN
MAJOR	2020-04-13T11:36:27+0530			false	6.0	custom:S1	13thApril_Demo	5min	Remove the usage of this forbidden function.	2020-04-13T11:36:27+0530	CODE_SMELL	"convention / "	13thApril_Demo:Test_Final.php		default-organization	{startLine=6.0, endLine=6.0, startOffset=0.0, endOffset=3.0}	5min	AXFyJbMZoxlLIrvNu7Br	2b4c7e5e69180e5478ea606f1037d3c6	OPEN
MINOR	2020-04-13T11:36:27+0530			false	7.0	php:S1131	13thApril_Demo	1min	Remove the useless trailing whitespaces at the end of this line.	2020-04-13T11:36:27+0530	CODE_SMELL	"convention / psr2 / "	13thApril_Demo:Test_Final.php		default-organization	{startLine=7.0, endLine=7.0, startOffset=0.0, endOffset=24.0}	1min	AXFyJbMZoxlLIrvNu7A3	48b6dd0951ffe05b14f8367fb79ea6f4	OPEN
MAJOR	2020-04-13T11:36:27+0530			false	7.0	custom:S2	13thApril_Demo	5min	Remove the usage of this forbidden function.	2020-04-13T11:36:27+0530	CODE_SMELL	"convention / "	13thApril_Demo:Test_Final.php		default-organization	{startLine=7.0, endLine=7.0, startOffset=0.0, endOffset=3.0}	5min	AXFyJbMZoxlLIrvNu7Bl	48b6dd0951ffe05b14f8367fb79ea6f4	OPEN
MAJOR	2020-04-13T11:36:27+0530			false	7.0	custom:S1	13thApril_Demo	5min	Remove the usage of this forbidden function.	2020-04-13T11:36:27+0530	CODE_SMELL	"convention / "	13thApril_Demo:Test_Final.php		default-organization	{startLine=7.0, endLine=7.0, startOffset=0.0, endOffset=3.0}	5min	AXFyJbMZoxlLIrvNu7Bs	48b6dd0951ffe05b14f8367fb79ea6f4	OPEN
MINOR	2020-04-13T11:36:27+0530			false	9.0	php:S1808	13thApril_Demo	1min	Move this open curly brace to the beginning of the next line.	2020-04-13T11:36:27+0530	CODE_SMELL	"psr2 / style / "	13thApril_Demo:Test_Final.php		default-organization	{startLine=9.0, endLine=9.0, startOffset=10.0, endOffset=11.0}	1min	AXFyJbMZoxlLIrvNu7A-	d23efeaf0db1504a4a6ac7f861fa2438	OPEN
MINOR	2020-04-13T11:36:27+0530			false	9.0	php:S101	13thApril_Demo	5min	"Rename class ""obj"" to match the regular expression ^[A-Z][a-zA-Z0-9]*$."	2020-04-13T11:36:27+0530	CODE_SMELL	"convention / "	13thApril_Demo:Test_Final.php		default-organization	{startLine=9.0, endLine=9.0, startOffset=6.0, endOffset=9.0}	5min	AXFyJbMZoxlLIrvNu7BL	d23efeaf0db1504a4a6ac7f861fa2438	OPEN
MINOR	2020-04-13T11:36:27+0530			false	9.0	php:S1106	13thApril_Demo	1min	Move this open curly brace to the beginning of next line.	2020-04-13T11:36:27+0530	CODE_SMELL	"convention / "	13thApril_Demo:Test_Final.php		default-organization	{startLine=9.0, endLine=9.0, startOffset=10.0, endOffset=11.0}	1min	AXFyJbMZoxlLIrvNu7BR	d23efeaf0db1504a4a6ac7f861fa2438	OPEN
MINOR	2020-04-13T11:36:27+0530			false	10.0	php:S1808	13thApril_Demo	1min	Move this open curly brace to the beginning of the next line.	2020-04-13T11:36:27+0530	CODE_SMELL	"psr2 / style / "	13thApril_Demo:Test_Final.php		default-organization	{startLine=10.0, endLine=10.0, startOffset=19.0, endOffset=20.0}	1min	AXFyJbMZoxlLIrvNu7A_	cce46995f587fa3e61a40621df911bbf	OPEN
MINOR	2020-04-13T11:36:27+0530			false	10.0	php:S100	13thApril_Demo	5min	"Rename function ""Foo"" to match the regular expression ^[a-z][a-zA-Z0-9]*$."	2020-04-13T11:36:27+0530	CODE_SMELL	"convention / "	13thApril_Demo:Test_Final.php		default-organization	{startLine=10.0, endLine=10.0, startOffset=13.0, endOffset=16.0}	5min	AXFyJbMZoxlLIrvNu7BJ	cce46995f587fa3e61a40621df911bbf	OPEN
MINOR	2020-04-13T11:36:27+0530			false	10.0	php:S1784	13thApril_Demo	2min	"Explicitly mention the visibility of this method ""Foo""."	2020-04-13T11:36:27+0530	BUG	"convention / psr2 / "	13thApril_Demo:Test_Final.php		default-organization	{startLine=10.0, endLine=10.0, startOffset=13.0, endOffset=16.0}	2min	AXFyJbMZoxlLIrvNu7BM	cce46995f587fa3e61a40621df911bbf	OPEN
MINOR	2020-04-13T11:36:27+0530			false	10.0	php:S1106	13thApril_Demo	1min	Move this open curly brace to the beginning of next line.	2020-04-13T11:36:27+0530	CODE_SMELL	"convention / "	13thApril_Demo:Test_Final.php		default-organization	{startLine=10.0, endLine=10.0, startOffset=19.0, endOffset=20.0}	1min	AXFyJbMZoxlLIrvNu7BP	cce46995f587fa3e61a40621df911bbf	OPEN
MINOR	2020-04-13T11:36:27+0530			false	14.0	php:S1808	13thApril_Demo	1min	Move this open curly brace to the beginning of the next line.	2020-04-13T11:36:27+0530	CODE_SMELL	"psr2 / style / "	13thApril_Demo:Test_Final.php		default-organization	{startLine=14.0, endLine=14.0, startOffset=19.0, endOffset=20.0}	1min	AXFyJbMZoxlLIrvNu7BA	7904e68d0eeef6cd4d85ae0ab31161be	OPEN
MINOR	2020-04-13T11:36:27+0530			false	14.0	php:S100	13thApril_Demo	5min	"Rename function ""Bar"" to match the regular expression ^[a-z][a-zA-Z0-9]*$."	2020-04-13T11:36:27+0530	CODE_SMELL	"convention / "	13thApril_Demo:Test_Final.php		default-organization	{startLine=14.0, endLine=14.0, startOffset=13.0, endOffset=16.0}	5min	AXFyJbMZoxlLIrvNu7BK	7904e68d0eeef6cd4d85ae0ab31161be	OPEN
MINOR	2020-04-13T11:36:27+0530			false	14.0	php:S1784	13thApril_Demo	2min	"Explicitly mention the visibility of this method ""Bar""."	2020-04-13T11:36:27+0530	BUG	"convention / psr2 / "	13thApril_Demo:Test_Final.php		default-organization	{startLine=14.0, endLine=14.0, startOffset=13.0, endOffset=16.0}	2min	AXFyJbMZoxlLIrvNu7BN	7904e68d0eeef6cd4d85ae0ab31161be	OPEN
MINOR	2020-04-13T11:36:27+0530			false	14.0	php:S1106	13thApril_Demo	1min	Move this open curly brace to the beginning of next line.	2020-04-13T11:36:27+0530	CODE_SMELL	"convention / "	13thApril_Demo:Test_Final.php		default-organization	{startLine=14.0, endLine=14.0, startOffset=19.0, endOffset=20.0}	1min	AXFyJbMZoxlLIrvNu7BQ	7904e68d0eeef6cd4d85ae0ab31161be	OPEN
MINOR	2020-04-13T11:36:27+0530			false	17.0	php:S1116	13thApril_Demo	2min	Remove this empty statement.	2020-04-13T11:36:27+0530	CODE_SMELL	"unused / "	13thApril_Demo:Test_Final.php		default-organization	{startLine=17.0, endLine=17.0, startOffset=1.0, endOffset=2.0}	2min	AXFyJbMZoxlLIrvNu7BW	2145c1b6992c0d519ad223f91671329b	OPEN
BLOCKER	2020-04-13T11:36:27+0530			false	19.0	php:S2007	13thApril_Demo	15min	Move this variable into a class.	2020-04-13T11:36:27+0530	CODE_SMELL	"design / "	13thApril_Demo:Test_Final.php		default-organization	{startLine=19.0, endLine=19.0, startOffset=0.0, endOffset=6.0}	15min	AXFyJbMZoxlLIrvNu7Bc	5b09812f971fdff2b35f17de259b4d6b	OPEN
MINOR	2020-04-13T11:36:27+0530			false	21.0	php:S1131	13thApril_Demo	1min	Remove the useless trailing whitespaces at the end of this line.	2020-04-13T11:36:27+0530	CODE_SMELL	"convention / psr2 / "	13thApril_Demo:Test_Final.php		default-organization	{startLine=21.0, endLine=21.0, startOffset=0.0, endOffset=26.0}	1min	AXFyJbMZoxlLIrvNu7A4	276ba0e9b598e30feb1ca27a8c99d737	OPEN
MINOR	2020-04-13T11:36:27+0530			false	22.0	php:S1131	13thApril_Demo	1min	Remove the useless trailing whitespaces at the end of this line.	2020-04-13T11:36:27+0530	CODE_SMELL	"convention / psr2 / "	13thApril_Demo:Test_Final.php		default-organization	{startLine=22.0, endLine=22.0, startOffset=0.0, endOffset=26.0}	1min	AXFyJbMZoxlLIrvNu7A5	774470f1975528dd4e411830bc8ccd19	OPEN
MINOR	2020-04-13T11:36:27+0530			false	24.0	php:S1808	13thApril_Demo	1min	"Put one space between this ""try"" keyword and the opening curly brace."	2020-04-13T11:36:27+0530	CODE_SMELL	"psr2 / style / "	13thApril_Demo:Test_Final.php		default-organization	{startLine=24.0, endLine=24.0, startOffset=0.0, endOffset=3.0}	1min	AXFyJbMZoxlLIrvNu7BF	80d5b17efc16ace990c07580fc3e85eb	OPEN
MINOR	2020-04-13T11:36:27+0530			false	24.0	php:S1106	13thApril_Demo	1min	Move this open curly brace to the beginning of next line.	2020-04-13T11:36:27+0530	CODE_SMELL	"convention / "	13thApril_Demo:Test_Final.php		default-organization	{startLine=24.0, endLine=24.0, startOffset=3.0, endOffset=4.0}	1min	AXFyJbMZoxlLIrvNu7BT	80d5b17efc16ace990c07580fc3e85eb	OPEN
MAJOR	2020-04-13T11:36:27+0530			false	24.0	custom:UseRNCPHPInsteadOfROQL	13thApril_Demo	5min	Use RNCPHP instead of ROQL for better performance.	2020-04-13T11:36:27+0530	CODE_SMELL	"convention / "	13thApril_Demo:Test_Final.php		default-organization	{startLine=24.0, endLine=30.0, startOffset=0.0, endOffset=1.0}	5min	AXFyJbMZoxlLIrvNu7Bt	80d5b17efc16ace990c07580fc3e85eb	OPEN
MINOR	2020-04-13T11:36:27+0530			false	25.0	php:S1131	13thApril_Demo	1min	Remove the useless trailing whitespaces at the end of this line.	2020-04-13T11:36:27+0530	CODE_SMELL	"convention / psr2 / "	13thApril_Demo:Test_Final.php		default-organization	{startLine=25.0, endLine=25.0, startOffset=0.0, endOffset=11.0}	1min	AXFyJbMZoxlLIrvNu7A6	c12bd44034571c946205fefbbf76b989	OPEN
BLOCKER	2020-04-13T11:36:27+0530			false	25.0	php:S2007	13thApril_Demo	15min	Move this variable into a class.	2020-04-13T11:36:27+0530	CODE_SMELL	"design / "	13thApril_Demo:Test_Final.php		default-organization	{startLine=25.0, endLine=25.0, startOffset=1.0, endOffset=3.0}	15min	AXFyJbMZoxlLIrvNu7Bd	c12bd44034571c946205fefbbf76b989	OPEN
MINOR	2020-04-13T11:36:27+0530			false	26.0	php:S1131	13thApril_Demo	1min	Remove the useless trailing whitespaces at the end of this line.	2020-04-13T11:36:27+0530	CODE_SMELL	"convention / psr2 / "	13thApril_Demo:Test_Final.php		default-organization	{startLine=26.0, endLine=26.0, startOffset=0.0, endOffset=61.0}	1min	AXFyJbMZoxlLIrvNu7A7	6980b4932140977305622c25e5a4001a	OPEN
BLOCKER	2020-04-13T11:36:27+0530			false	26.0	php:S2007	13thApril_Demo	15min	Move this variable into a class.	2020-04-13T11:36:27+0530	CODE_SMELL	"design / "	13thApril_Demo:Test_Final.php		default-organization	{startLine=26.0, endLine=26.0, startOffset=1.0, endOffset=8.0}	15min	AXFyJbMZoxlLIrvNu7Be	6980b4932140977305622c25e5a4001a	OPEN
MINOR	2020-04-13T11:36:27+0530			false	28.0	php:S1808	13thApril_Demo	1min	"Move this ""catch"" to the same line as the previous closing curly brace."	2020-04-13T11:36:27+0530	CODE_SMELL	"psr2 / style / "	13thApril_Demo:Test_Final.php		default-organization	{startLine=28.0, endLine=28.0, startOffset=0.0, endOffset=5.0}	1min	AXFyJbMZoxlLIrvNu7BB	27df6f865d5b85424e3050e564ad8f48	OPEN
MINOR	2020-04-13T11:36:27+0530			false	28.0	php:S1808	13thApril_Demo	1min	Put one space between the closing parenthesis and the opening curly brace.	2020-04-13T11:36:27+0530	CODE_SMELL	"psr2 / style / "	13thApril_Demo:Test_Final.php		default-organization	{startLine=28.0, endLine=28.0, startOffset=18.0, endOffset=19.0}	1min	AXFyJbMZoxlLIrvNu7BD	27df6f865d5b85424e3050e564ad8f48	OPEN
MINOR	2020-04-13T11:36:27+0530			false	28.0	php:S1808	13thApril_Demo	1min	"Put one space between this ""catch"" keyword and the opening parenthesis."	2020-04-13T11:36:27+0530	CODE_SMELL	"psr2 / style / "	13thApril_Demo:Test_Final.php		default-organization	{startLine=28.0, endLine=28.0, startOffset=0.0, endOffset=5.0}	1min	AXFyJbMZoxlLIrvNu7BG	27df6f865d5b85424e3050e564ad8f48	OPEN
MINOR	2020-04-13T11:36:27+0530			false	28.0	php:S1106	13thApril_Demo	1min	Move this open curly brace to the beginning of next line.	2020-04-13T11:36:27+0530	CODE_SMELL	"convention / "	13thApril_Demo:Test_Final.php		default-organization	{startLine=28.0, endLine=28.0, startOffset=19.0, endOffset=20.0}	1min	AXFyJbMZoxlLIrvNu7BS	27df6f865d5b85424e3050e564ad8f48	OPEN
MINOR	2020-04-13T11:36:27+0530			false	31.0	php:S1808	13thApril_Demo	1min	"Put one space between this ""try"" keyword and the opening curly brace."	2020-04-13T11:36:27+0530	CODE_SMELL	"psr2 / style / "	13thApril_Demo:Test_Final.php		default-organization	{startLine=31.0, endLine=31.0, startOffset=0.0, endOffset=3.0}	1min	AXFyJbMZoxlLIrvNu7BH	80d5b17efc16ace990c07580fc3e85eb	OPEN
MINOR	2020-04-13T11:36:27+0530			false	31.0	php:S1106	13thApril_Demo	1min	Move this open curly brace to the beginning of next line.	2020-04-13T11:36:27+0530	CODE_SMELL	"convention / "	13thApril_Demo:Test_Final.php		default-organization	{startLine=31.0, endLine=31.0, startOffset=3.0, endOffset=4.0}	1min	AXFyJbMZoxlLIrvNu7BV	80d5b17efc16ace990c07580fc3e85eb	OPEN
BLOCKER	2020-04-13T11:36:27+0530			false	32.0	php:S2007	13thApril_Demo	15min	Move this variable into a class.	2020-04-13T11:36:27+0530	CODE_SMELL	"design / "	13thApril_Demo:Test_Final.php		default-organization	{startLine=32.0, endLine=32.0, startOffset=4.0, endOffset=12.0}	15min	AXFyJbMZoxlLIrvNu7Bf	aa4abaaabf9b20b128767f3a15012f46	OPEN
MINOR	2020-04-13T11:36:27+0530			false	34.0	php:S1808	13thApril_Demo	1min	"Move this ""catch"" to the same line as the previous closing curly brace."	2020-04-13T11:36:27+0530	CODE_SMELL	"psr2 / style / "	13thApril_Demo:Test_Final.php		default-organization	{startLine=34.0, endLine=34.0, startOffset=0.0, endOffset=5.0}	1min	AXFyJbMZoxlLIrvNu7BC	27df6f865d5b85424e3050e564ad8f48	OPEN
MINOR	2020-04-13T11:36:27+0530			false	34.0	php:S1808	13thApril_Demo	1min	Put one space between the closing parenthesis and the opening curly brace.	2020-04-13T11:36:27+0530	CODE_SMELL	"psr2 / style / "	13thApril_Demo:Test_Final.php		default-organization	{startLine=34.0, endLine=34.0, startOffset=18.0, endOffset=19.0}	1min	AXFyJbMZoxlLIrvNu7BE	27df6f865d5b85424e3050e564ad8f48	OPEN
MINOR	2020-04-13T11:36:27+0530			false	34.0	php:S1808	13thApril_Demo	1min	"Put one space between this ""catch"" keyword and the opening parenthesis."	2020-04-13T11:36:27+0530	CODE_SMELL	"psr2 / style / "	13thApril_Demo:Test_Final.php		default-organization	{startLine=34.0, endLine=34.0, startOffset=0.0, endOffset=5.0}	1min	AXFyJbMZoxlLIrvNu7BI	27df6f865d5b85424e3050e564ad8f48	OPEN
MINOR	2020-04-13T11:36:27+0530			false	34.0	php:S1106	13thApril_Demo	1min	Move this open curly brace to the beginning of next line.	2020-04-13T11:36:27+0530	CODE_SMELL	"convention / "	13thApril_Demo:Test_Final.php		default-organization	{startLine=34.0, endLine=34.0, startOffset=19.0, endOffset=20.0}	1min	AXFyJbMZoxlLIrvNu7BU	27df6f865d5b85424e3050e564ad8f48	OPEN
BLOCKER	2020-04-13T11:36:27+0530			false	35.0	php:S2007	13thApril_Demo	15min	Move this variable into a class.	2020-04-13T11:36:27+0530	CODE_SMELL	"design / "	13thApril_Demo:Test_Final.php		default-organization	{startLine=35.0, endLine=35.0, startOffset=5.0, endOffset=13.0}	15min	AXFyJbMZoxlLIrvNu7Bg	19197d5ca32d358fd9e6d43ab7911725	OPEN
MAJOR	2020-04-13T11:36:27+0530			false	38.0	php:S125	13thApril_Demo	5min	Remove this commented out code.	2020-04-13T11:36:27+0530	CODE_SMELL	"unused / "	13thApril_Demo:Test_Final.php		default-organization	{startLine=38.0, endLine=38.0, startOffset=0.0, endOffset=120.0}	5min	AXFyJbMZoxlLIrvNu7BZ	0257a230f33bec14180251a949545582	OPEN
MINOR	2020-04-13T11:36:27+0530			false	38.0	php:S139	13thApril_Demo	1min	Move this trailing comment on the previous empty line.	2020-04-13T11:36:27+0530	CODE_SMELL	"convention / "	13thApril_Demo:Test_Final.php		default-organization	{startLine=38.0, endLine=38.0, startOffset=57.0, endOffset=120.0}	1min	AXFyJbMZoxlLIrvNu7Ba	0257a230f33bec14180251a949545582	OPEN
BLOCKER	2020-04-13T11:36:27+0530			false	38.0	php:S2007	13thApril_Demo	15min	Move this variable into a class.	2020-04-13T11:36:27+0530	CODE_SMELL	"design / "	13thApril_Demo:Test_Final.php		default-organization	{startLine=38.0, endLine=38.0, startOffset=0.0, endOffset=9.0}	15min	AXFyJbMZoxlLIrvNu7Bh	0257a230f33bec14180251a949545582	OPEN
MAJOR	2020-04-13T11:36:27+0530			false	38.0	custom:ROQLInTryCatch	13thApril_Demo	5min	ROQL/RNCPHP must be placed inside a try-catch block.	2020-04-13T11:36:27+0530	CODE_SMELL	"convention / "	13thApril_Demo:Test_Final.php		default-organization	{startLine=38.0, endLine=38.0, startOffset=0.0, endOffset=56.0}	5min	AXFyJbMZoxlLIrvNu7Bm	0257a230f33bec14180251a949545582	OPEN
MAJOR	2020-04-13T11:36:27+0530			false	38.0	custom:UseFetchInsteadOfFind	13thApril_Demo	5min	Use Fetch(ID) instead of Find() for better performance.	2020-04-13T11:36:27+0530	CODE_SMELL	"convention / "	13thApril_Demo:Test_Final.php		default-organization	{startLine=38.0, endLine=38.0, startOffset=0.0, endOffset=56.0}	5min	AXFyJbMZoxlLIrvNu7Bo	0257a230f33bec14180251a949545582	OPEN
MAJOR	2020-04-13T11:36:27+0530			false	39.0	php:S103	13thApril_Demo	1min	Split this 123 characters long line (which is greater than 120 authorized).	2020-04-13T11:36:27+0530	CODE_SMELL	"convention / "	13thApril_Demo:Test_Final.php		default-organization	{startLine=39.0, endLine=39.0, startOffset=0.0, endOffset=123.0}	1min	AXFyJbMZoxlLIrvNu7A9	6fee8df79ac0f851f36e580e7f8e01c5	OPEN
MINOR	2020-04-13T11:36:27+0530			false	39.0	php:S139	13thApril_Demo	1min	Move this trailing comment on the previous empty line.	2020-04-13T11:36:27+0530	CODE_SMELL	"convention / "	13thApril_Demo:Test_Final.php		default-organization	{startLine=39.0, endLine=39.0, startOffset=60.0, endOffset=123.0}	1min	AXFyJbMZoxlLIrvNu7Bb	6fee8df79ac0f851f36e580e7f8e01c5	OPEN
MAJOR	2020-04-13T11:36:27+0530			false	39.0	custom:ROQLInTryCatch	13thApril_Demo	5min	ROQL/RNCPHP must be placed inside a try-catch block.	2020-04-13T11:36:27+0530	CODE_SMELL	"convention / "	13thApril_Demo:Test_Final.php		default-organization	{startLine=39.0, endLine=39.0, startOffset=0.0, endOffset=59.0}	5min	AXFyJbMZoxlLIrvNu7Bn	6fee8df79ac0f851f36e580e7f8e01c5	OPEN
MAJOR	2020-04-13T11:36:27+0530			false	39.0	custom:UseRNCPHPInsteadOfROQL	13thApril_Demo	5min	Use RNCPHP instead of ROQL for better performance.	2020-04-13T11:36:27+0530	CODE_SMELL	"convention / "	13thApril_Demo:Test_Final.php		default-organization	{startLine=39.0, endLine=39.0, startOffset=0.0, endOffset=59.0}	5min	AXFyJbMZoxlLIrvNu7Bu	6fee8df79ac0f851f36e580e7f8e01c5	OPEN
MINOR	2020-04-13T11:36:27+0530			false	-	php:S1779	13thApril_Demo	2min	"Replace all non line feed end of line characters in this file ""UseFetchInsteadOfFind.php"" by LF."	2020-04-13T11:36:27+0530	CODE_SMELL	"convention / psr2 / "	13thApril_Demo:UseFetchInsteadOfFind.php		default-organization	-	2min	AXFyJbM4oxlLIrvNu7B6	-	OPEN
MAJOR	2020-04-13T11:36:27+0530			false	-	php:S2036	13thApril_Demo	5min	Refactor this file to either declare symbols or cause side effects, but not both.	2020-04-13T11:36:27+0530	BUG	"psr1 / user-experience / "	13thApril_Demo:UseFetchInsteadOfFind.php		default-organization	-	5min	AXFyJbM4oxlLIrvNu7B_	-	OPEN
MAJOR	2020-04-13T11:36:27+0530			false	-	common-php:InsufficientLineCoverage	13thApril_Demo	12min	6 more lines of code need to be covered by tests to reach the minimum threshold of 65.0% lines coverage.	2020-04-13T11:36:27+0530	CODE_SMELL	"bad-practice / "	13thApril_Demo:UseFetchInsteadOfFind.php		default-organization	-	12min	AXFyJbM4oxlLIrvNu7Bv	-	OPEN
MAJOR	2020-04-13T11:36:27+0530			false	-	common-php:InsufficientCommentDensity	13thApril_Demo	8min	4 more comment lines need to be written to reach the minimum threshold of 25.0% comment density.	2020-04-13T11:36:27+0530	CODE_SMELL	"convention / "	13thApril_Demo:UseFetchInsteadOfFind.php		default-organization	-	8min	AXFyJbM4oxlLIrvNu7Bw	-	OPEN
MINOR	2020-04-13T11:36:27+0530			false	-	php:S1578	13thApril_Demo	10min	"Rename this file to match this regular expression: ""[a-z][A-Za-z0-9]+.php"""	2020-04-13T11:36:27+0530	CODE_SMELL	"convention / "	13thApril_Demo:UseFetchInsteadOfFind.php		default-organization	-	10min	AXFyJbM4oxlLIrvNu7CA	-	OPEN
MINOR	2020-04-13T11:36:27+0530			false	3.0	php:S1808	13thApril_Demo	1min	Move this open curly brace to the beginning of the next line.	2020-04-13T11:36:27+0530	CODE_SMELL	"psr2 / style / "	13thApril_Demo:UseFetchInsteadOfFind.php		default-organization	{startLine=3.0, endLine=3.0, startOffset=10.0, endOffset=11.0}	1min	AXFyJbM4oxlLIrvNu7B1	699ad766c20d2b3473b082cddb253f76	OPEN
MINOR	2020-04-13T11:36:27+0530			false	3.0	php:S1106	13thApril_Demo	1min	Move this open curly brace to the beginning of next line.	2020-04-13T11:36:27+0530	CODE_SMELL	"convention / "	13thApril_Demo:UseFetchInsteadOfFind.php		default-organization	{startLine=3.0, endLine=3.0, startOffset=10.0, endOffset=11.0}	1min	AXFyJbM4oxlLIrvNu7B9	699ad766c20d2b3473b082cddb253f76	OPEN
MINOR	2020-04-13T11:36:27+0530			false	4.0	php:S1808	13thApril_Demo	1min	Move this open curly brace to the beginning of the next line.	2020-04-13T11:36:27+0530	CODE_SMELL	"psr2 / style / "	13thApril_Demo:UseFetchInsteadOfFind.php		default-organization	{startLine=4.0, endLine=4.0, startOffset=19.0, endOffset=20.0}	1min	AXFyJbM4oxlLIrvNu7B2	aaabba81868439df832a5d6de1ffc12e	OPEN
MINOR	2020-04-13T11:36:27+0530			false	4.0	php:S1784	13thApril_Demo	2min	"Explicitly mention the visibility of this method ""foo""."	2020-04-13T11:36:27+0530	BUG	"convention / psr2 / "	13thApril_Demo:UseFetchInsteadOfFind.php		default-organization	{startLine=4.0, endLine=4.0, startOffset=13.0, endOffset=16.0}	2min	AXFyJbM4oxlLIrvNu7B4	aaabba81868439df832a5d6de1ffc12e	OPEN
MINOR	2020-04-13T11:36:27+0530			false	4.0	php:S1106	13thApril_Demo	1min	Move this open curly brace to the beginning of next line.	2020-04-13T11:36:27+0530	CODE_SMELL	"convention / "	13thApril_Demo:UseFetchInsteadOfFind.php		default-organization	{startLine=4.0, endLine=4.0, startOffset=19.0, endOffset=20.0}	1min	AXFyJbM4oxlLIrvNu7B7	aaabba81868439df832a5d6de1ffc12e	OPEN
MINOR	2020-04-13T11:36:27+0530			false	8.0	php:S1808	13thApril_Demo	1min	Move this open curly brace to the beginning of the next line.	2020-04-13T11:36:27+0530	CODE_SMELL	"psr2 / style / "	13thApril_Demo:UseFetchInsteadOfFind.php		default-organization	{startLine=8.0, endLine=8.0, startOffset=19.0, endOffset=20.0}	1min	AXFyJbM4oxlLIrvNu7B3	2dbd98d0ec0f223eed90e59aafa69ad1	OPEN
MINOR	2020-04-13T11:36:27+0530			false	8.0	php:S1784	13thApril_Demo	2min	"Explicitly mention the visibility of this method ""bar""."	2020-04-13T11:36:27+0530	BUG	"convention / psr2 / "	13thApril_Demo:UseFetchInsteadOfFind.php		default-organization	{startLine=8.0, endLine=8.0, startOffset=13.0, endOffset=16.0}	2min	AXFyJbM4oxlLIrvNu7B5	2dbd98d0ec0f223eed90e59aafa69ad1	OPEN
MINOR	2020-04-13T11:36:27+0530			false	8.0	php:S1106	13thApril_Demo	1min	Move this open curly brace to the beginning of next line.	2020-04-13T11:36:27+0530	CODE_SMELL	"convention / "	13thApril_Demo:UseFetchInsteadOfFind.php		default-organization	{startLine=8.0, endLine=8.0, startOffset=19.0, endOffset=20.0}	1min	AXFyJbM4oxlLIrvNu7B8	2dbd98d0ec0f223eed90e59aafa69ad1	OPEN
MINOR	2020-04-13T11:36:27+0530			false	11.0	php:S1116	13thApril_Demo	2min	Remove this empty statement.	2020-04-13T11:36:27+0530	CODE_SMELL	"unused / "	13thApril_Demo:UseFetchInsteadOfFind.php		default-organization	{startLine=11.0, endLine=11.0, startOffset=1.0, endOffset=2.0}	2min	AXFyJbM4oxlLIrvNu7B-	2145c1b6992c0d519ad223f91671329b	OPEN
BLOCKER	2020-04-13T11:36:27+0530			false	13.0	php:S2007	13thApril_Demo	15min	Move this variable into a class.	2020-04-13T11:36:27+0530	CODE_SMELL	"design / "	13thApril_Demo:UseFetchInsteadOfFind.php		default-organization	{startLine=13.0, endLine=13.0, startOffset=0.0, endOffset=6.0}	15min	AXFyJbM4oxlLIrvNu7CD	5b09812f971fdff2b35f17de259b4d6b	OPEN
MINOR	2020-04-13T11:36:27+0530			false	15.0	php:S1131	13thApril_Demo	1min	Remove the useless trailing whitespaces at the end of this line.	2020-04-13T11:36:27+0530	CODE_SMELL	"convention / psr2 / "	13thApril_Demo:UseFetchInsteadOfFind.php		default-organization	{startLine=15.0, endLine=15.0, startOffset=0.0, endOffset=26.0}	1min	AXFyJbM4oxlLIrvNu7Bx	276ba0e9b598e30feb1ca27a8c99d737	OPEN
MINOR	2020-04-13T11:36:27+0530			false	16.0	php:S1131	13thApril_Demo	1min	Remove the useless trailing whitespaces at the end of this line.	2020-04-13T11:36:27+0530	CODE_SMELL	"convention / psr2 / "	13thApril_Demo:UseFetchInsteadOfFind.php		default-organization	{startLine=16.0, endLine=16.0, startOffset=0.0, endOffset=26.0}	1min	AXFyJbM4oxlLIrvNu7By	774470f1975528dd4e411830bc8ccd19	OPEN
MAJOR	2020-04-13T11:36:27+0530			false	18.0	php:S103	13thApril_Demo	1min	Split this 124 characters long line (which is greater than 120 authorized).	2020-04-13T11:36:27+0530	CODE_SMELL	"convention / "	13thApril_Demo:UseFetchInsteadOfFind.php		default-organization	{startLine=18.0, endLine=18.0, startOffset=0.0, endOffset=124.0}	1min	AXFyJbM4oxlLIrvNu7B0	23dc99cb80823945b24cc452822253f9	OPEN
MAJOR	2020-04-13T11:36:27+0530			false	18.0	php:S125	13thApril_Demo	5min	Remove this commented out code.	2020-04-13T11:36:27+0530	CODE_SMELL	"unused / "	13thApril_Demo:UseFetchInsteadOfFind.php		default-organization	{startLine=18.0, endLine=18.0, startOffset=0.0, endOffset=124.0}	5min	AXFyJbM4oxlLIrvNu7CB	23dc99cb80823945b24cc452822253f9	OPEN
MINOR	2020-04-13T11:36:27+0530			false	18.0	php:S139	13thApril_Demo	1min	Move this trailing comment on the previous empty line.	2020-04-13T11:36:27+0530	CODE_SMELL	"convention / "	13thApril_Demo:UseFetchInsteadOfFind.php		default-organization	{startLine=18.0, endLine=18.0, startOffset=58.0, endOffset=124.0}	1min	AXFyJbM4oxlLIrvNu7CC	23dc99cb80823945b24cc452822253f9	OPEN
BLOCKER	2020-04-13T11:36:27+0530			false	18.0	php:S2007	13thApril_Demo	15min	Move this variable into a class.	2020-04-13T11:36:27+0530	CODE_SMELL	"design / "	13thApril_Demo:UseFetchInsteadOfFind.php		default-organization	{startLine=18.0, endLine=18.0, startOffset=0.0, endOffset=10.0}	15min	AXFyJbM4oxlLIrvNu7CE	23dc99cb80823945b24cc452822253f9	OPEN
MAJOR	2020-04-13T11:36:27+0530			false	18.0	custom:ROQLInTryCatch	13thApril_Demo	5min	ROQL/RNCPHP must be placed inside a try-catch block.	2020-04-13T11:36:27+0530	CODE_SMELL	"convention / "	13thApril_Demo:UseFetchInsteadOfFind.php		default-organization	{startLine=18.0, endLine=18.0, startOffset=0.0, endOffset=57.0}	5min	AXFyJbM4oxlLIrvNu7CG	23dc99cb80823945b24cc452822253f9	OPEN
MAJOR	2020-04-13T11:36:27+0530			false	18.0	custom:UseFetchInsteadOfFind	13thApril_Demo	5min	Use Fetch(ID) instead of Find() for better performance.	2020-04-13T11:36:27+0530	CODE_SMELL	"convention / "	13thApril_Demo:UseFetchInsteadOfFind.php		default-organization	{startLine=18.0, endLine=18.0, startOffset=0.0, endOffset=57.0}	5min	AXFyJbM4oxlLIrvNu7CI	23dc99cb80823945b24cc452822253f9	OPEN
MINOR	2020-04-13T11:36:27+0530			false	19.0	php:S1131	13thApril_Demo	1min	Remove the useless trailing whitespaces at the end of this line.	2020-04-13T11:36:27+0530	CODE_SMELL	"convention / psr2 / "	13thApril_Demo:UseFetchInsteadOfFind.php		default-organization	{startLine=19.0, endLine=19.0, startOffset=0.0, endOffset=41.0}	1min	AXFyJbM4oxlLIrvNu7Bz	e74702c6355bccaca6901207776d04f9	OPEN
BLOCKER	2020-04-13T11:36:27+0530			false	19.0	php:S2007	13thApril_Demo	15min	Move this variable into a class.	2020-04-13T11:36:27+0530	CODE_SMELL	"design / "	13thApril_Demo:UseFetchInsteadOfFind.php		default-organization	{startLine=19.0, endLine=19.0, startOffset=0.0, endOffset=10.0}	15min	AXFyJbM4oxlLIrvNu7CF	e74702c6355bccaca6901207776d04f9	OPEN
MAJOR	2020-04-13T11:36:27+0530			false	19.0	custom:ROQLInTryCatch	13thApril_Demo	5min	ROQL/RNCPHP must be placed inside a try-catch block.	2020-04-13T11:36:27+0530	CODE_SMELL	"convention / "	13thApril_Demo:UseFetchInsteadOfFind.php		default-organization	{startLine=19.0, endLine=19.0, startOffset=0.0, endOffset=40.0}	5min	AXFyJbM4oxlLIrvNu7CH	e74702c6355bccaca6901207776d04f9	OPEN
MAJOR	2020-04-13T11:36:27+0530			false	-	common-php:InsufficientLineCoverage	13thApril_Demo	12min	6 more lines of code need to be covered by tests to reach the minimum threshold of 65.0% lines coverage.	2020-04-13T11:36:27+0530	CODE_SMELL	"bad-practice / "	13thApril_Demo:UseRNCPHPInsteadOfROQL.php		default-organization	-	12min	AXFyJbMJoxlLIrvNu7AY	-	OPEN
MAJOR	2020-04-13T11:36:27+0530			false	-	common-php:InsufficientCommentDensity	13thApril_Demo	8min	4 more comment lines need to be written to reach the minimum threshold of 25.0% comment density.	2020-04-13T11:36:27+0530	CODE_SMELL	"convention / "	13thApril_Demo:UseRNCPHPInsteadOfROQL.php		default-organization	-	8min	AXFyJbMJoxlLIrvNu7AZ	-	OPEN
MINOR	2020-04-13T11:36:27+0530			false	-	php:S105	13thApril_Demo	2min	Replace all tab characters in this file by sequences of white-spaces.	2020-04-13T11:36:27+0530	CODE_SMELL	"convention / psr2 / "	13thApril_Demo:UseRNCPHPInsteadOfROQL.php		default-organization	-	2min	AXFyJbMJoxlLIrvNu7Ac	-	OPEN
MINOR	2020-04-13T11:36:27+0530			false	-	php:S1779	13thApril_Demo	2min	"Replace all non line feed end of line characters in this file ""UseRNCPHPInsteadOfROQL.php"" by LF."	2020-04-13T11:36:27+0530	CODE_SMELL	"convention / psr2 / "	13thApril_Demo:UseRNCPHPInsteadOfROQL.php		default-organization	-	2min	AXFyJbMJoxlLIrvNu7Ai	-	OPEN
MAJOR	2020-04-13T11:36:27+0530			false	-	php:S2036	13thApril_Demo	5min	Refactor this file to either declare symbols or cause side effects, but not both.	2020-04-13T11:36:27+0530	BUG	"psr1 / user-experience / "	13thApril_Demo:UseRNCPHPInsteadOfROQL.php		default-organization	-	5min	AXFyJbMJoxlLIrvNu7An	-	OPEN
MINOR	2020-04-13T11:36:27+0530			false	-	php:S1578	13thApril_Demo	10min	"Rename this file to match this regular expression: ""[a-z][A-Za-z0-9]+.php"""	2020-04-13T11:36:27+0530	CODE_SMELL	"convention / "	13thApril_Demo:UseRNCPHPInsteadOfROQL.php		default-organization	-	10min	AXFyJbMJoxlLIrvNu7Ao	-	OPEN
MINOR	2020-04-13T11:36:27+0530			false	3.0	php:S1808	13thApril_Demo	1min	Move this open curly brace to the beginning of the next line.	2020-04-13T11:36:27+0530	CODE_SMELL	"psr2 / style / "	13thApril_Demo:UseRNCPHPInsteadOfROQL.php		default-organization	{startLine=3.0, endLine=3.0, startOffset=10.0, endOffset=11.0}	1min	AXFyJbMJoxlLIrvNu7Ad	699ad766c20d2b3473b082cddb253f76	OPEN
MINOR	2020-04-13T11:36:27+0530			false	3.0	php:S1106	13thApril_Demo	1min	Move this open curly brace to the beginning of next line.	2020-04-13T11:36:27+0530	CODE_SMELL	"convention / "	13thApril_Demo:UseRNCPHPInsteadOfROQL.php		default-organization	{startLine=3.0, endLine=3.0, startOffset=10.0, endOffset=11.0}	1min	AXFyJbMJoxlLIrvNu7Al	699ad766c20d2b3473b082cddb253f76	OPEN
MINOR	2020-04-13T11:36:27+0530			false	4.0	php:S1808	13thApril_Demo	1min	Move this open curly brace to the beginning of the next line.	2020-04-13T11:36:27+0530	CODE_SMELL	"psr2 / style / "	13thApril_Demo:UseRNCPHPInsteadOfROQL.php		default-organization	{startLine=4.0, endLine=4.0, startOffset=19.0, endOffset=20.0}	1min	AXFyJbMJoxlLIrvNu7Ae	aaabba81868439df832a5d6de1ffc12e	OPEN
MINOR	2020-04-13T11:36:27+0530			false	4.0	php:S1784	13thApril_Demo	2min	"Explicitly mention the visibility of this method ""foo""."	2020-04-13T11:36:27+0530	BUG	"convention / psr2 / "	13thApril_Demo:UseRNCPHPInsteadOfROQL.php		default-organization	{startLine=4.0, endLine=4.0, startOffset=13.0, endOffset=16.0}	2min	AXFyJbMJoxlLIrvNu7Ag	aaabba81868439df832a5d6de1ffc12e	OPEN
MINOR	2020-04-13T11:36:27+0530			false	4.0	php:S1106	13thApril_Demo	1min	Move this open curly brace to the beginning of next line.	2020-04-13T11:36:27+0530	CODE_SMELL	"convention / "	13thApril_Demo:UseRNCPHPInsteadOfROQL.php		default-organization	{startLine=4.0, endLine=4.0, startOffset=19.0, endOffset=20.0}	1min	AXFyJbMJoxlLIrvNu7Aj	aaabba81868439df832a5d6de1ffc12e	OPEN
MINOR	2020-04-13T11:36:27+0530			false	8.0	php:S1808	13thApril_Demo	1min	Move this open curly brace to the beginning of the next line.	2020-04-13T11:36:27+0530	CODE_SMELL	"psr2 / style / "	13thApril_Demo:UseRNCPHPInsteadOfROQL.php		default-organization	{startLine=8.0, endLine=8.0, startOffset=19.0, endOffset=20.0}	1min	AXFyJbMJoxlLIrvNu7Af	2dbd98d0ec0f223eed90e59aafa69ad1	OPEN
MINOR	2020-04-13T11:36:27+0530			false	8.0	php:S1784	13thApril_Demo	2min	"Explicitly mention the visibility of this method ""bar""."	2020-04-13T11:36:27+0530	BUG	"convention / psr2 / "	13thApril_Demo:UseRNCPHPInsteadOfROQL.php		default-organization	{startLine=8.0, endLine=8.0, startOffset=13.0, endOffset=16.0}	2min	AXFyJbMJoxlLIrvNu7Ah	2dbd98d0ec0f223eed90e59aafa69ad1	OPEN
MINOR	2020-04-13T11:36:27+0530			false	8.0	php:S1106	13thApril_Demo	1min	Move this open curly brace to the beginning of next line.	2020-04-13T11:36:27+0530	CODE_SMELL	"convention / "	13thApril_Demo:UseRNCPHPInsteadOfROQL.php		default-organization	{startLine=8.0, endLine=8.0, startOffset=19.0, endOffset=20.0}	1min	AXFyJbMJoxlLIrvNu7Ak	2dbd98d0ec0f223eed90e59aafa69ad1	OPEN
MINOR	2020-04-13T11:36:27+0530			false	11.0	php:S1116	13thApril_Demo	2min	Remove this empty statement.	2020-04-13T11:36:27+0530	CODE_SMELL	"unused / "	13thApril_Demo:UseRNCPHPInsteadOfROQL.php		default-organization	{startLine=11.0, endLine=11.0, startOffset=1.0, endOffset=2.0}	2min	AXFyJbMJoxlLIrvNu7Am	2145c1b6992c0d519ad223f91671329b	OPEN
BLOCKER	2020-04-13T11:36:27+0530			false	13.0	php:S2007	13thApril_Demo	15min	Move this variable into a class.	2020-04-13T11:36:27+0530	CODE_SMELL	"design / "	13thApril_Demo:UseRNCPHPInsteadOfROQL.php		default-organization	{startLine=13.0, endLine=13.0, startOffset=0.0, endOffset=6.0}	15min	AXFyJbMJoxlLIrvNu7Ar	5b09812f971fdff2b35f17de259b4d6b	OPEN
MINOR	2020-04-13T11:36:27+0530			false	15.0	php:S1131	13thApril_Demo	1min	Remove the useless trailing whitespaces at the end of this line.	2020-04-13T11:36:27+0530	CODE_SMELL	"convention / psr2 / "	13thApril_Demo:UseRNCPHPInsteadOfROQL.php		default-organization	{startLine=15.0, endLine=15.0, startOffset=0.0, endOffset=26.0}	1min	AXFyJbMJoxlLIrvNu7Aa	276ba0e9b598e30feb1ca27a8c99d737	OPEN
MINOR	2020-04-13T11:36:27+0530			false	16.0	php:S1131	13thApril_Demo	1min	Remove the useless trailing whitespaces at the end of this line.	2020-04-13T11:36:27+0530	CODE_SMELL	"convention / psr2 / "	13thApril_Demo:UseRNCPHPInsteadOfROQL.php		default-organization	{startLine=16.0, endLine=16.0, startOffset=0.0, endOffset=18.0}	1min	AXFyJbMJoxlLIrvNu7Ab	774470f1975528dd4e411830bc8ccd19	OPEN
BLOCKER	2020-04-13T11:36:27+0530			false	19.0	php:S2007	13thApril_Demo	15min	Move this variable into a class.	2020-04-13T11:36:27+0530	CODE_SMELL	"design / "	13thApril_Demo:UseRNCPHPInsteadOfROQL.php		default-organization	{startLine=19.0, endLine=19.0, startOffset=0.0, endOffset=6.0}	15min	AXFyJbMJoxlLIrvNu7As	8417be83410f17a5680ced446bb6f08e	OPEN
MAJOR	2020-04-13T11:36:27+0530			false	20.0	php:S125	13thApril_Demo	5min	Remove this commented out code.	2020-04-13T11:36:27+0530	CODE_SMELL	"unused / "	13thApril_Demo:UseRNCPHPInsteadOfROQL.php		default-organization	{startLine=20.0, endLine=20.0, startOffset=0.0, endOffset=104.0}	5min	AXFyJbMJoxlLIrvNu7Ap	6f1202794af361ee15331a769a996c14	OPEN
MINOR	2020-04-13T11:36:27+0530			false	20.0	php:S139	13thApril_Demo	1min	Move this trailing comment on the previous empty line.	2020-04-13T11:36:27+0530	CODE_SMELL	"convention / "	13thApril_Demo:UseRNCPHPInsteadOfROQL.php		default-organization	{startLine=20.0, endLine=20.0, startOffset=43.0, endOffset=104.0}	1min	AXFyJbMJoxlLIrvNu7Aq	6f1202794af361ee15331a769a996c14	OPEN
BLOCKER	2020-04-13T11:36:27+0530			false	20.0	php:S2007	13thApril_Demo	15min	Move this variable into a class.	2020-04-13T11:36:27+0530	CODE_SMELL	"design / "	13thApril_Demo:UseRNCPHPInsteadOfROQL.php		default-organization	{startLine=20.0, endLine=20.0, startOffset=0.0, endOffset=2.0}	15min	AXFyJbMJoxlLIrvNu7At	6f1202794af361ee15331a769a996c14	OPEN
MAJOR	2020-04-13T11:36:27+0530			false	20.0	custom:ROQLInTryCatch	13thApril_Demo	5min	ROQL/RNCPHP must be placed inside a try-catch block.	2020-04-13T11:36:27+0530	CODE_SMELL	"convention / "	13thApril_Demo:UseRNCPHPInsteadOfROQL.php		default-organization	{startLine=20.0, endLine=20.0, startOffset=0.0, endOffset=41.0}	5min	AXFyJbMJoxlLIrvNu7Av	6f1202794af361ee15331a769a996c14	OPEN
MAJOR	2020-04-13T11:36:27+0530			false	20.0	custom:UseRNCPHPInsteadOfROQL	13thApril_Demo	5min	Use RNCPHP instead of ROQL for better performance.	2020-04-13T11:36:27+0530	CODE_SMELL	"convention / "	13thApril_Demo:UseRNCPHPInsteadOfROQL.php		default-organization	{startLine=20.0, endLine=20.0, startOffset=0.0, endOffset=41.0}	5min	AXFyJbMJoxlLIrvNu7Ax	6f1202794af361ee15331a769a996c14	OPEN
BLOCKER	2020-04-13T11:36:27+0530			false	21.0	php:S2007	13thApril_Demo	15min	Move this variable into a class.	2020-04-13T11:36:27+0530	CODE_SMELL	"design / "	13thApril_Demo:UseRNCPHPInsteadOfROQL.php		default-organization	{startLine=21.0, endLine=21.0, startOffset=0.0, endOffset=9.0}	15min	AXFyJbMJoxlLIrvNu7Au	9183659fc67d1673586da49b2fe088b3	OPEN
MAJOR	2020-04-13T11:36:27+0530			false	21.0	custom:ROQLInTryCatch	13thApril_Demo	5min	ROQL/RNCPHP must be placed inside a try-catch block.	2020-04-13T11:36:27+0530	CODE_SMELL	"convention / "	13thApril_Demo:UseRNCPHPInsteadOfROQL.php		default-organization	{startLine=21.0, endLine=21.0, startOffset=0.0, endOffset=39.0}	5min	AXFyJbMJoxlLIrvNu7Aw	9183659fc67d1673586da49b2fe088b3	OPEN
MAJOR	2020-04-13T11:36:27+0530			false	-	common-php:InsufficientLineCoverage	13thApril_Demo	2min	1 more lines of code need to be covered by tests to reach the minimum threshold of 65.0% lines coverage.	2020-04-13T11:36:27+0530	CODE_SMELL	"bad-practice / "	13thApril_Demo:answer.php		default-organization	-	2min	AXFyJbLaoxlLIrvNu7AE	-	OPEN
MAJOR	2020-04-13T11:36:27+0530			false	-	common-php:InsufficientCommentDensity	13thApril_Demo	12min	6 more comment lines need to be written to reach the minimum threshold of 25.0% comment density.	2020-04-13T11:36:27+0530	CODE_SMELL	"convention / "	13thApril_Demo:answer.php		default-organization	-	12min	AXFyJbLaoxlLIrvNu7AF	-	OPEN
MAJOR	2020-04-13T11:36:27+0530			false	-	php:S1997	13thApril_Demo	10min	Remove the inline HTML in this file.	2020-04-13T11:36:27+0530	CODE_SMELL	"brain-overload / convention / "	13thApril_Demo:answer.php		default-organization	-	10min	AXFyJbLaoxlLIrvNu7AR	-	OPEN
BLOCKER	2020-04-13T11:36:27+0530			false	-	php:S1451	13thApril_Demo	5min	Add or update the header of this file.	2020-04-13T11:36:27+0530	CODE_SMELL		13thApril_Demo:answer.php		default-organization	-	5min	AXFyJbLaoxlLIrvNu7AT	-	OPEN
MINOR	2020-04-13T11:36:27+0530			false	1.0	php:S2000	13thApril_Demo	2min	Remove the extra characters before the open tag.	2020-04-13T11:36:27+0530	BUG	"user-experience / "	13thApril_Demo:answer.php		default-organization	{startLine=1.0, endLine=20.0, startOffset=0.0, endOffset=10.0}	2min	AXFyJbLaoxlLIrvNu7AU	14ef914575020a0424bfdc8e9083c490	OPEN
MAJOR	2020-04-13T11:36:27+0530			false	2.0	Web:S5254	13thApril_Demo	-	"Add ""lang"" and/or ""xml:lang"" attributes to this ""<html>"" element"	2020-04-13T11:36:27+0530	BUG	"accessibility / wcag2-a / "	13thApril_Demo:answer.php		default-organization	{startLine=2.0, endLine=2.0, startOffset=0.0, endOffset=6.0}	-	AXFyJbLaoxlLIrvNu7AG	166248a6129a1e4370d20adc2d4c23f3	OPEN
MAJOR	2020-04-13T11:36:27+0530			false	3.0	Web:PageWithoutTitleCheck	13thApril_Demo	-	Add a <title> tag to this page.	2020-04-13T11:36:27+0530	BUG	"user-experience / "	13thApril_Demo:answer.php		default-organization	{startLine=3.0, endLine=3.0, startOffset=0.0, endOffset=10.0}	-	AXFyJbLaoxlLIrvNu7AH	babd0daf38a8ba8a6c33c4d1d354eb56	OPEN
MAJOR	2020-04-13T11:36:27+0530			false	8.0	php:S103	13thApril_Demo	1min	Split this 128 characters long line (which is greater than 120 authorized).	2020-04-13T11:36:27+0530	CODE_SMELL	"convention / "	13thApril_Demo:answer.php		default-organization	{startLine=8.0, endLine=8.0, startOffset=0.0, endOffset=128.0}	1min	AXFyJbLaoxlLIrvNu7AM	e227feda85a1fdb90730edaece6d7e39	OPEN
MAJOR	2020-04-13T11:36:27+0530			false	10.0	php:S103	13thApril_Demo	1min	Split this 257 characters long line (which is greater than 120 authorized).	2020-04-13T11:36:27+0530	CODE_SMELL	"convention / "	13thApril_Demo:answer.php		default-organization	{startLine=10.0, endLine=10.0, startOffset=0.0, endOffset=257.0}	1min	AXFyJbLaoxlLIrvNu7AN	e9fbd634a67f1f64fd362df080319df4	OPEN
MINOR	2020-04-13T11:36:27+0530			false	20.0	php:S1757	13thApril_Demo	2min	"Change this opening tag to either ""<?php"" or ""<?=""."	2020-04-13T11:36:27+0530	CODE_SMELL	"convention / psr1 / "	13thApril_Demo:answer.php		default-organization	{startLine=20.0, endLine=20.0, startOffset=0.0, endOffset=35.0}	2min	AXFyJbLaoxlLIrvNu7AS	587bc83c78c3027ae1886af9d822a844	OPEN
BLOCKER	2020-04-13T11:36:27+0530			false	23.0	php:S2007	13thApril_Demo	15min	Move this variable into a class.	2020-04-13T11:36:27+0530	CODE_SMELL	"design / "	13thApril_Demo:answer.php		default-organization	{startLine=23.0, endLine=23.0, startOffset=23.0, endOffset=26.0}	15min	AXFyJbLaoxlLIrvNu7AX	4450129bd12016925b4c1a34654190a7	OPEN
MINOR	2020-04-13T11:36:27+0530			false	28.0	Web:BoldAndItalicTagsCheck	13thApril_Demo	2min	Replace this <i> tag by <em>.	2020-04-13T11:36:27+0530	BUG	"accessibility / "	13thApril_Demo:answer.php		default-organization	{startLine=28.0, endLine=28.0, startOffset=32.0, endOffset=157.0}	2min	AXFyJbLaoxlLIrvNu7AI	0f2e01cf3a13444adc65ce07c0023c34	OPEN
MAJOR	2020-04-13T11:36:27+0530			false	28.0	php:S103	13thApril_Demo	1min	Split this 161 characters long line (which is greater than 120 authorized).	2020-04-13T11:36:27+0530	CODE_SMELL	"convention / "	13thApril_Demo:answer.php		default-organization	{startLine=28.0, endLine=28.0, startOffset=0.0, endOffset=161.0}	1min	AXFyJbLaoxlLIrvNu7AO	0f2e01cf3a13444adc65ce07c0023c34	OPEN
MAJOR	2020-04-13T11:36:27+0530			false	32.0	php:S103	13thApril_Demo	1min	Split this 274 characters long line (which is greater than 120 authorized).	2020-04-13T11:36:27+0530	CODE_SMELL	"convention / "	13thApril_Demo:answer.php		default-organization	{startLine=32.0, endLine=32.0, startOffset=0.0, endOffset=274.0}	1min	AXFyJbLaoxlLIrvNu7AP	0f352121646181c760fb3fbcebf1fa9d	OPEN
CRITICAL	2020-04-13T11:36:27+0530			false	34.0	php:S126	13thApril_Demo	5min	"Add the missing ""else"" clause."	2020-04-13T11:36:27+0530	CODE_SMELL		13thApril_Demo:answer.php		default-organization	{startLine=34.0, endLine=34.0, startOffset=23.0, endOffset=29.0}	5min	AXFyJbLaoxlLIrvNu7AV	1cfbc8b0ab5b4bd3026d0ae410c1faf5	OPEN
MAJOR	2020-04-13T11:36:27+0530			false	36.0	php:S103	13thApril_Demo	1min	Split this 169 characters long line (which is greater than 120 authorized).	2020-04-13T11:36:27+0530	CODE_SMELL	"convention / "	13thApril_Demo:answer.php		default-organization	{startLine=36.0, endLine=36.0, startOffset=0.0, endOffset=169.0}	1min	AXFyJbLaoxlLIrvNu7AQ	1e7242e31e927982b270d8550617107f	OPEN
MINOR	2020-04-13T11:36:27+0530			false	44.0	Web:FrameWithoutTitleCheck	13thApril_Demo	5min	"Add a ""title"" attribute to this <iframe> tag."	2020-04-13T11:36:27+0530	BUG	"accessibility / "	13thApril_Demo:answer.php		default-organization	{startLine=44.0, endLine=44.0, startOffset=47.0, endOffset=75.0}	5min	AXFyJbLaoxlLIrvNu7AJ	d05e28bb1daf8358cd2fa81619a04856	OPEN
CRITICAL	2020-04-13T11:36:27+0530			false	45.0	php:S126	13thApril_Demo	5min	"Add the missing ""else"" clause."	2020-04-13T11:36:27+0530	CODE_SMELL		13thApril_Demo:answer.php		default-organization	{startLine=45.0, endLine=45.0, startOffset=23.0, endOffset=29.0}	5min	AXFyJbLaoxlLIrvNu7AW	1bcf01bce82120add71e377613316d2a	OPEN
MAJOR	2020-04-13T11:36:27+0530			false	46.0	Web:UnsupportedTagsInHtml5Check	13thApril_Demo	20min	"Remove this deprecated ""frame"" element."	2020-04-13T11:36:27+0530	BUG	"html5 / obsolete / user-experience / "	13thApril_Demo:answer.php		default-organization	{startLine=46.0, endLine=46.0, startOffset=29.0, endOffset=36.0}	20min	AXFyJbLaoxlLIrvNu7AK	f3c7a2645bf5d924e099b2b91bf09739	OPEN
MINOR	2020-04-13T11:36:27+0530			false	46.0	Web:FrameWithoutTitleCheck	13thApril_Demo	5min	"Add a ""title"" attribute to this <frame> tag."	2020-04-13T11:36:27+0530	BUG	"accessibility / "	13thApril_Demo:answer.php		default-organization	{startLine=46.0, endLine=46.0, startOffset=29.0, endOffset=36.0}	5min	AXFyJbLaoxlLIrvNu7AL	f3c7a2645bf5d924e099b2b91bf09739	OPEN
MAJOR	2020-04-13T11:36:27+0530			false	-	common-php:InsufficientCommentDensity	13thApril_Demo	12min	6 more comment lines need to be written to reach the minimum threshold of 25.0% comment density.	2020-04-13T11:36:27+0530	CODE_SMELL	"convention / "	13thApril_Demo:answer_full_preview.php		default-organization	-	12min	AXFyJbNIoxlLIrvNu7CJ	-	OPEN
MAJOR	2020-04-13T11:36:27+0530			false	-	php:S1997	13thApril_Demo	10min	Remove the inline HTML in this file.	2020-04-13T11:36:27+0530	CODE_SMELL	"brain-overload / convention / "	13thApril_Demo:answer_full_preview.php		default-organization	-	10min	AXFyJbNIoxlLIrvNu7CQ	-	OPEN
BLOCKER	2020-04-13T11:36:27+0530			false	-	php:S1451	13thApril_Demo	5min	Add or update the header of this file.	2020-04-13T11:36:27+0530	CODE_SMELL		13thApril_Demo:answer_full_preview.php		default-organization	-	5min	AXFyJbNIoxlLIrvNu7CR	-	OPEN
MINOR	2020-04-13T11:36:27+0530			false	-	php:S1578	13thApril_Demo	10min	"Rename this file to match this regular expression: ""[a-z][A-Za-z0-9]+.php"""	2020-04-13T11:36:27+0530	CODE_SMELL	"convention / "	13thApril_Demo:answer_full_preview.php		default-organization	-	10min	AXFyJbNIoxlLIrvNu7CS	-	OPEN
MINOR	2020-04-13T11:36:27+0530			false	1.0	php:S2000	13thApril_Demo	2min	Remove the extra characters before the open tag.	2020-04-13T11:36:27+0530	BUG	"user-experience / "	13thApril_Demo:answer_full_preview.php		default-organization	{startLine=1.0, endLine=5.0, startOffset=0.0, endOffset=14.0}	2min	AXFyJbNIoxlLIrvNu7CT	14ef914575020a0424bfdc8e9083c490	OPEN
MAJOR	2020-04-13T11:36:27+0530			false	2.0	Web:S5254	13thApril_Demo	-	"Add ""lang"" and/or ""xml:lang"" attributes to this ""<html>"" element"	2020-04-13T11:36:27+0530	BUG	"accessibility / wcag2-a / "	13thApril_Demo:answer_full_preview.php		default-organization	{startLine=2.0, endLine=2.0, startOffset=0.0, endOffset=6.0}	-	AXFyJbNIoxlLIrvNu7CK	166248a6129a1e4370d20adc2d4c23f3	OPEN
MAJOR	2020-04-13T11:36:27+0530			false	37.0	php:S103	13thApril_Demo	1min	Split this 127 characters long line (which is greater than 120 authorized).	2020-04-13T11:36:27+0530	CODE_SMELL	"convention / "	13thApril_Demo:answer_full_preview.php		default-organization	{startLine=37.0, endLine=37.0, startOffset=0.0, endOffset=127.0}	1min	AXFyJbNIoxlLIrvNu7CL	e9faa404a5293435785aca0416e02a7c	OPEN
MAJOR	2020-04-13T11:36:27+0530			false	42.0	php:S103	13thApril_Demo	1min	Split this 164 characters long line (which is greater than 120 authorized).	2020-04-13T11:36:27+0530	CODE_SMELL	"convention / "	13thApril_Demo:answer_full_preview.php		default-organization	{startLine=42.0, endLine=42.0, startOffset=0.0, endOffset=164.0}	1min	AXFyJbNIoxlLIrvNu7CM	d7f27af8b44fab87a54f52c49a0760ff	OPEN
MAJOR	2020-04-13T11:36:27+0530			false	62.0	php:S103	13thApril_Demo	1min	Split this 139 characters long line (which is greater than 120 authorized).	2020-04-13T11:36:27+0530	CODE_SMELL	"convention / "	13thApril_Demo:answer_full_preview.php		default-organization	{startLine=62.0, endLine=62.0, startOffset=0.0, endOffset=139.0}	1min	AXFyJbNIoxlLIrvNu7CN	3885ac87c422d56cd8a32ba2f0007809	OPEN
MAJOR	2020-04-13T11:36:27+0530			false	63.0	php:S103	13thApril_Demo	1min	Split this 150 characters long line (which is greater than 120 authorized).	2020-04-13T11:36:27+0530	CODE_SMELL	"convention / "	13thApril_Demo:answer_full_preview.php		default-organization	{startLine=63.0, endLine=63.0, startOffset=0.0, endOffset=150.0}	1min	AXFyJbNIoxlLIrvNu7CO	a170880a05dffc2a83ac181c23e14a2c	OPEN
MAJOR	2020-04-13T11:36:27+0530			false	71.0	php:S103	13thApril_Demo	1min	Split this 132 characters long line (which is greater than 120 authorized).	2020-04-13T11:36:27+0530	CODE_SMELL	"convention / "	13thApril_Demo:answer_full_preview.php		default-organization	{startLine=71.0, endLine=71.0, startOffset=0.0, endOffset=132.0}	1min	AXFyJbNIoxlLIrvNu7CP	b1e4a64623e1bfbea8f5dd00b24c8c58	OPEN
MAJOR	2020-04-13T11:36:27+0530			false	-	common-php:InsufficientCommentDensity	13thApril_Demo	6min	3 more comment lines need to be written to reach the minimum threshold of 25.0% comment density.	2020-04-13T11:36:27+0530	CODE_SMELL	"convention / "	13thApril_Demo:answer_quick_preview.php		default-organization	-	6min	AXFyJbOGoxlLIrvNu7CU	-	OPEN
MINOR	2020-04-13T11:36:27+0530			false	-	php:S113	13thApril_Demo	1min	Add a new line at the end of this file.	2020-04-13T11:36:27+0530	CODE_SMELL	"convention / "	13thApril_Demo:answer_quick_preview.php		default-organization	-	1min	AXFyJbOGoxlLIrvNu7CY	-	OPEN
MAJOR	2020-04-13T11:36:27+0530			false	-	php:S1997	13thApril_Demo	10min	Remove the inline HTML in this file.	2020-04-13T11:36:27+0530	CODE_SMELL	"brain-overload / convention / "	13thApril_Demo:answer_quick_preview.php		default-organization	-	10min	AXFyJbOGoxlLIrvNu7CZ	-	OPEN
BLOCKER	2020-04-13T11:36:27+0530			false	-	php:S1451	13thApril_Demo	5min	Add or update the header of this file.	2020-04-13T11:36:27+0530	CODE_SMELL		13thApril_Demo:answer_quick_preview.php		default-organization	-	5min	AXFyJbOGoxlLIrvNu7Ca	-	OPEN
MINOR	2020-04-13T11:36:27+0530			false	-	php:S1578	13thApril_Demo	10min	"Rename this file to match this regular expression: ""[a-z][A-Za-z0-9]+.php"""	2020-04-13T11:36:27+0530	CODE_SMELL	"convention / "	13thApril_Demo:answer_quick_preview.php		default-organization	-	10min	AXFyJbOGoxlLIrvNu7Cb	-	OPEN
MINOR	2020-04-13T11:36:27+0530			false	1.0	php:S2000	13thApril_Demo	2min	Remove the extra characters before the open tag.	2020-04-13T11:36:27+0530	BUG	"user-experience / "	13thApril_Demo:answer_quick_preview.php		default-organization	{startLine=1.0, endLine=5.0, startOffset=0.0, endOffset=19.0}	2min	AXFyJbOGoxlLIrvNu7Cc	14ef914575020a0424bfdc8e9083c490	OPEN
MAJOR	2020-04-13T11:36:27+0530			false	2.0	Web:S5254	13thApril_Demo	-	"Add ""lang"" and/or ""xml:lang"" attributes to this ""<html>"" element"	2020-04-13T11:36:27+0530	BUG	"accessibility / wcag2-a / "	13thApril_Demo:answer_quick_preview.php		default-organization	{startLine=2.0, endLine=2.0, startOffset=0.0, endOffset=6.0}	-	AXFyJbOGoxlLIrvNu7CV	166248a6129a1e4370d20adc2d4c23f3	OPEN
MAJOR	2020-04-13T11:36:27+0530			false	35.0	php:S103	13thApril_Demo	1min	Split this 125 characters long line (which is greater than 120 authorized).	2020-04-13T11:36:27+0530	CODE_SMELL	"convention / "	13thApril_Demo:answer_quick_preview.php		default-organization	{startLine=35.0, endLine=35.0, startOffset=0.0, endOffset=125.0}	1min	AXFyJbOGoxlLIrvNu7CW	cc434dce5dccda5dfb71357e852d6c4f	OPEN
MAJOR	2020-04-13T11:36:27+0530			false	46.0	php:S103	13thApril_Demo	1min	Split this 132 characters long line (which is greater than 120 authorized).	2020-04-13T11:36:27+0530	CODE_SMELL	"convention / "	13thApril_Demo:answer_quick_preview.php		default-organization	{startLine=46.0, endLine=46.0, startOffset=0.0, endOffset=132.0}	1min	AXFyJbOGoxlLIrvNu7CX	b1e4a64623e1bfbea8f5dd00b24c8c58	OPEN
MAJOR	2020-04-13T11:36:27+0530			false	-	common-php:InsufficientLineCoverage	13thApril_Demo	20min	10 more lines of code need to be covered by tests to reach the minimum threshold of 65.0% lines coverage.	2020-04-13T11:36:27+0530	CODE_SMELL	"bad-practice / "	13thApril_Demo:okcs_answer_full_preview.php		default-organization	-	20min	AXFyJbLLoxlLIrvNu6_i	-	OPEN
MAJOR	2020-04-13T11:36:27+0530			false	-	common-php:InsufficientCommentDensity	13thApril_Demo	42min	21 more comment lines need to be written to reach the minimum threshold of 25.0% comment density.	2020-04-13T11:36:27+0530	CODE_SMELL	"convention / "	13thApril_Demo:okcs_answer_full_preview.php		default-organization	-	42min	AXFyJbLLoxlLIrvNu6_j	-	OPEN
MINOR	2020-04-13T11:36:27+0530			false	-	php:S113	13thApril_Demo	1min	Add a new line at the end of this file.	2020-04-13T11:36:27+0530	CODE_SMELL	"convention / "	13thApril_Demo:okcs_answer_full_preview.php		default-organization	-	1min	AXFyJbLLoxlLIrvNu6_u	-	OPEN
MAJOR	2020-04-13T11:36:27+0530			false	-	php:S1997	13thApril_Demo	10min	Remove the inline HTML in this file.	2020-04-13T11:36:27+0530	CODE_SMELL	"brain-overload / convention / "	13thApril_Demo:okcs_answer_full_preview.php		default-organization	-	10min	AXFyJbLLoxlLIrvNu6_w	-	OPEN
BLOCKER	2020-04-13T11:36:27+0530			false	-	php:S1451	13thApril_Demo	5min	Add or update the header of this file.	2020-04-13T11:36:27+0530	CODE_SMELL		13thApril_Demo:okcs_answer_full_preview.php		default-organization	-	5min	AXFyJbLLoxlLIrvNu6_x	-	OPEN
MINOR	2020-04-13T11:36:27+0530			false	-	php:S1578	13thApril_Demo	10min	"Rename this file to match this regular expression: ""[a-z][A-Za-z0-9]+.php"""	2020-04-13T11:36:27+0530	CODE_SMELL	"convention / "	13thApril_Demo:okcs_answer_full_preview.php		default-organization	-	10min	AXFyJbLLoxlLIrvNu6_y	-	OPEN
MINOR	2020-04-13T11:36:27+0530			false	1.0	php:S2000	13thApril_Demo	2min	Remove the extra characters before the open tag.	2020-04-13T11:36:27+0530	BUG	"user-experience / "	13thApril_Demo:okcs_answer_full_preview.php		default-organization	{startLine=1.0, endLine=5.0, startOffset=0.0, endOffset=14.0}	2min	AXFyJbLLoxlLIrvNu6_z	14ef914575020a0424bfdc8e9083c490	OPEN
MAJOR	2020-04-13T11:36:27+0530			false	2.0	Web:S5254	13thApril_Demo	-	"Add ""lang"" and/or ""xml:lang"" attributes to this ""<html>"" element"	2020-04-13T11:36:27+0530	BUG	"accessibility / wcag2-a / "	13thApril_Demo:okcs_answer_full_preview.php		default-organization	{startLine=2.0, endLine=2.0, startOffset=0.0, endOffset=6.0}	-	AXFyJbLLoxlLIrvNu6_k	166248a6129a1e4370d20adc2d4c23f3	OPEN
MAJOR	2020-04-13T11:36:27+0530			false	34.0	php:S103	13thApril_Demo	1min	Split this 127 characters long line (which is greater than 120 authorized).	2020-04-13T11:36:27+0530	CODE_SMELL	"convention / "	13thApril_Demo:okcs_answer_full_preview.php		default-organization	{startLine=34.0, endLine=34.0, startOffset=0.0, endOffset=127.0}	1min	AXFyJbLLoxlLIrvNu6_l	090c2f5edc679a44fcb06f398244c4dd	OPEN
MAJOR	2020-04-13T11:36:27+0530			false	40.0	php:S103	13thApril_Demo	1min	Split this 123 characters long line (which is greater than 120 authorized).	2020-04-13T11:36:27+0530	CODE_SMELL	"convention / "	13thApril_Demo:okcs_answer_full_preview.php		default-organization	{startLine=40.0, endLine=40.0, startOffset=0.0, endOffset=123.0}	1min	AXFyJbLLoxlLIrvNu6_m	e073aff45568d4bd8025ef44d47f9118	OPEN
MAJOR	2020-04-13T11:36:27+0530			false	46.0	php:S103	13thApril_Demo	1min	Split this 122 characters long line (which is greater than 120 authorized).	2020-04-13T11:36:27+0530	CODE_SMELL	"convention / "	13thApril_Demo:okcs_answer_full_preview.php		default-organization	{startLine=46.0, endLine=46.0, startOffset=0.0, endOffset=122.0}	1min	AXFyJbLLoxlLIrvNu6_n	4a20f94508334465f28eb12ad20641bc	OPEN
MAJOR	2020-04-13T11:36:27+0530			false	52.0	php:S103	13thApril_Demo	1min	Split this 130 characters long line (which is greater than 120 authorized).	2020-04-13T11:36:27+0530	CODE_SMELL	"convention / "	13thApril_Demo:okcs_answer_full_preview.php		default-organization	{startLine=52.0, endLine=52.0, startOffset=0.0, endOffset=130.0}	1min	AXFyJbLLoxlLIrvNu6_o	72d9c699a5fa8ed97148cb61d0b82703	OPEN
BLOCKER	2020-04-13T11:36:27+0530			false	60.0	php:S2007	13thApril_Demo	15min	Move this variable into a class.	2020-04-13T11:36:27+0530	CODE_SMELL	"design / "	13thApril_Demo:okcs_answer_full_preview.php		default-organization	{startLine=60.0, endLine=60.0, startOffset=19.0, endOffset=33.0}	15min	AXFyJbLLoxlLIrvNu6_5	bccff8f299a94831e69024276500fab8	OPEN
BLOCKER	2020-04-13T11:36:27+0530			false	61.0	php:S2007	13thApril_Demo	15min	Move this variable into a class.	2020-04-13T11:36:27+0530	CODE_SMELL	"design / "	13thApril_Demo:okcs_answer_full_preview.php		default-organization	{startLine=61.0, endLine=61.0, startOffset=19.0, endOffset=32.0}	15min	AXFyJbLLoxlLIrvNu6_6	15fad9820b3dbf268859a8207e354557	OPEN
BLOCKER	2020-04-13T11:36:27+0530			false	67.0	php:S2007	13thApril_Demo	15min	Move this variable into a class.	2020-04-13T11:36:27+0530	CODE_SMELL	"design / "	13thApril_Demo:okcs_answer_full_preview.php		default-organization	{startLine=67.0, endLine=67.0, startOffset=27.0, endOffset=39.0}	15min	AXFyJbLLoxlLIrvNu6_7	84e434eeab47d7f34f865d0e6f2cbe2b	OPEN
BLOCKER	2020-04-13T11:36:27+0530			false	68.0	php:S2007	13thApril_Demo	15min	Move this variable into a class.	2020-04-13T11:36:27+0530	CODE_SMELL	"design / "	13thApril_Demo:okcs_answer_full_preview.php		default-organization	{startLine=68.0, endLine=68.0, startOffset=27.0, endOffset=37.0}	15min	AXFyJbLLoxlLIrvNu6_8	f643a2fd9309fb67c8494fa19ca6ed73	OPEN
CRITICAL	2020-04-13T11:36:27+0530			false	69.0	php:S1192	13thApril_Demo	14min	"Define a constant instead of duplicating this literal ""depth"" 6 times."	2020-04-13T11:36:27+0530	CODE_SMELL	"design / "	13thApril_Demo:okcs_answer_full_preview.php	"{locations=[{component=13thApril_Demo:okcs_answer_full_preview.php, textRange={startLine=69.0, endLine=69.0, startOffset=42.0, endOffset=49.0}}]} / {locations=[{component=13thApril_Demo:okcs_answer_full_preview.php, textRange={startLine=71.0, endLine=71.0, startOffset=45.0, endOffset=52.0}}]} / {locations=[{component=13thApril_Demo:okcs_answer_full_preview.php, textRange={startLine=74.0, endLine=74.0, startOffset=45.0, endOffset=52.0}}]} / {locations=[{component=13thApril_Demo:okcs_answer_full_preview.php, textRange={startLine=75.0, endLine=75.0, startOffset=71.0, endOffset=78.0}}]} / {locations=[{component=13thApril_Demo:okcs_answer_full_preview.php, textRange={startLine=117.0, endLine=117.0, startOffset=55.0, endOffset=62.0}}]} / {locations=[{component=13thApril_Demo:okcs_answer_full_preview.php, textRange={startLine=121.0, endLine=121.0, startOffset=59.0, endOffset=66.0}}]} / "	default-organization	{startLine=69.0, endLine=69.0, startOffset=42.0, endOffset=49.0}	14min	AXFyJbLLoxlLIrvNu6_v	e95cdd1e85fd49863eb6809aa39b6d26	OPEN
BLOCKER	2020-04-13T11:36:27+0530			false	70.0	php:S2007	13thApril_Demo	15min	Move this variable into a class.	2020-04-13T11:36:27+0530	CODE_SMELL	"design / "	13thApril_Demo:okcs_answer_full_preview.php		default-organization	{startLine=70.0, endLine=70.0, startOffset=31.0, endOffset=37.0}	15min	AXFyJbLLoxlLIrvNu6_9	9f36d443fb083d43db5d21cc1c899e0c	OPEN
MINOR	2020-04-13T11:36:27+0530			false	71.0	php:S1808	13thApril_Demo	1min	Remove all space before the closing parenthesis.	2020-04-13T11:36:27+0530	CODE_SMELL	"psr2 / style / "	13thApril_Demo:okcs_answer_full_preview.php		default-organization	{startLine=71.0, endLine=71.0, startOffset=71.0, endOffset=72.0}	1min	AXFyJbLLoxlLIrvNu6_t	2fb61a3907260bc0dfc51f752cc97056	OPEN
BLOCKER	2020-04-13T11:36:27+0530			false	75.0	php:S2007	13thApril_Demo	15min	Move this variable into a class.	2020-04-13T11:36:27+0530	CODE_SMELL	"design / "	13thApril_Demo:okcs_answer_full_preview.php		default-organization	{startLine=75.0, endLine=75.0, startOffset=35.0, endOffset=40.0}	15min	AXFyJbLLoxlLIrvNu6_-	2da234163ab9ac48b2175a2c1503ad52	OPEN
CRITICAL	2020-04-13T11:36:27+0530			false	76.0	php:S134	13thApril_Demo	10min	"Refactor this code to not nest more than 4 ""if"", ""for"", ""while"", ""switch"" and ""try"" statements."	2020-04-13T11:36:27+0530	CODE_SMELL	"brain-overload / "	13thApril_Demo:okcs_answer_full_preview.php	"{locations=[{component=13thApril_Demo:okcs_answer_full_preview.php, textRange={startLine=76.0, endLine=76.0, startOffset=35.0, endOffset=38.0}, msg=Nesting +1}]} / {locations=[{component=13thApril_Demo:okcs_answer_full_preview.php, textRange={startLine=74.0, endLine=74.0, startOffset=31.0, endOffset=33.0}, msg=Nesting +1}]} / {locations=[{component=13thApril_Demo:okcs_answer_full_preview.php, textRange={startLine=69.0, endLine=69.0, startOffset=27.0, endOffset=29.0}, msg=Nesting +1}]} / {locations=[{component=13thApril_Demo:okcs_answer_full_preview.php, textRange={startLine=66.0, endLine=66.0, startOffset=23.0, endOffset=30.0}, msg=Nesting +1}]} / {locations=[{component=13thApril_Demo:okcs_answer_full_preview.php, textRange={startLine=62.0, endLine=62.0, startOffset=19.0, endOffset=26.0}, msg=Nesting +1}]} / "	default-organization	{startLine=76.0, endLine=76.0, startOffset=35.0, endOffset=38.0}	10min	AXFyJbLLoxlLIrvNu6_1	3c119f0a019a4a7da706d04f0a7e90b6	OPEN
BLOCKER	2020-04-13T11:36:27+0530			false	76.0	php:S2007	13thApril_Demo	15min	Move this variable into a class.	2020-04-13T11:36:27+0530	CODE_SMELL	"design / "	13thApril_Demo:okcs_answer_full_preview.php		default-organization	{startLine=76.0, endLine=76.0, startOffset=39.0, endOffset=41.0}	15min	AXFyJbLLoxlLIrvNu6__	3c119f0a019a4a7da706d04f0a7e90b6	OPEN
BLOCKER	2020-04-13T11:36:27+0530			false	82.0	php:S2007	13thApril_Demo	15min	Move this variable into a class.	2020-04-13T11:36:27+0530	CODE_SMELL	"design / "	13thApril_Demo:okcs_answer_full_preview.php		default-organization	{startLine=82.0, endLine=82.0, startOffset=34.0, endOffset=44.0}	15min	AXFyJbLLoxlLIrvNu7AA	d3cb336778deb799f237cfe698f512f3	OPEN
BLOCKER	2020-04-13T11:36:27+0530			false	83.0	php:S2007	13thApril_Demo	15min	Move this variable into a class.	2020-04-13T11:36:27+0530	CODE_SMELL	"design / "	13thApril_Demo:okcs_answer_full_preview.php		default-organization	{startLine=83.0, endLine=83.0, startOffset=34.0, endOffset=40.0}	15min	AXFyJbLLoxlLIrvNu7AB	5460234a658459a1c44e6f8a10f9ff7e	OPEN
CRITICAL	2020-04-13T11:36:27+0530			false	84.0	php:S134	13thApril_Demo	10min	"Refactor this code to not nest more than 4 ""if"", ""for"", ""while"", ""switch"" and ""try"" statements."	2020-04-13T11:36:27+0530	CODE_SMELL	"brain-overload / "	13thApril_Demo:okcs_answer_full_preview.php	"{locations=[{component=13thApril_Demo:okcs_answer_full_preview.php, textRange={startLine=84.0, endLine=84.0, startOffset=35.0, endOffset=42.0}, msg=Nesting +1}]} / {locations=[{component=13thApril_Demo:okcs_answer_full_preview.php, textRange={startLine=81.0, endLine=81.0, startOffset=31.0, endOffset=33.0}, msg=Nesting +1}]} / {locations=[{component=13thApril_Demo:okcs_answer_full_preview.php, textRange={startLine=69.0, endLine=69.0, startOffset=27.0, endOffset=29.0}, msg=Nesting +1}]} / {locations=[{component=13thApril_Demo:okcs_answer_full_preview.php, textRange={startLine=66.0, endLine=66.0, startOffset=23.0, endOffset=30.0}, msg=Nesting +1}]} / {locations=[{component=13thApril_Demo:okcs_answer_full_preview.php, textRange={startLine=62.0, endLine=62.0, startOffset=19.0, endOffset=26.0}, msg=Nesting +1}]} / "	default-organization	{startLine=84.0, endLine=84.0, startOffset=35.0, endOffset=42.0}	10min	AXFyJbLLoxlLIrvNu6_2	8b2ba35e8f49834f694d7239af49ce7b	OPEN
MAJOR	2020-04-13T11:36:27+0530			false	86.0	php:S103	13thApril_Demo	1min	Split this 125 characters long line (which is greater than 120 authorized).	2020-04-13T11:36:27+0530	CODE_SMELL	"convention / "	13thApril_Demo:okcs_answer_full_preview.php		default-organization	{startLine=86.0, endLine=86.0, startOffset=0.0, endOffset=125.0}	1min	AXFyJbLLoxlLIrvNu6_p	7cd8341cece3e24d7841d4281540746a	OPEN
BLOCKER	2020-04-13T11:36:27+0530			false	96.0	php:S2007	13thApril_Demo	15min	Move this variable into a class.	2020-04-13T11:36:27+0530	CODE_SMELL	"design / "	13thApril_Demo:okcs_answer_full_preview.php		default-organization	{startLine=96.0, endLine=96.0, startOffset=43.0, endOffset=54.0}	15min	AXFyJbLLoxlLIrvNu7AC	88bf8ab1c42644cb0ead1e03474c785a	OPEN
BLOCKER	2020-04-13T11:36:27+0530			false	97.0	php:S2007	13thApril_Demo	15min	Move this variable into a class.	2020-04-13T11:36:27+0530	CODE_SMELL	"design / "	13thApril_Demo:okcs_answer_full_preview.php		default-organization	{startLine=97.0, endLine=97.0, startOffset=44.0, endOffset=52.0}	15min	AXFyJbLLoxlLIrvNu7AD	79f5531d4e49fdcbcf768ae2aee2bf17	OPEN
MAJOR	2020-04-13T11:36:27+0530			false	99.0	php:S103	13thApril_Demo	1min	Split this 139 characters long line (which is greater than 120 authorized).	2020-04-13T11:36:27+0530	CODE_SMELL	"convention / "	13thApril_Demo:okcs_answer_full_preview.php		default-organization	{startLine=99.0, endLine=99.0, startOffset=0.0, endOffset=139.0}	1min	AXFyJbLLoxlLIrvNu6_q	38a547588fcf614c1afd601558c8ff89	OPEN
MAJOR	2020-04-13T11:36:27+0530			false	100.0	php:S103	13thApril_Demo	1min	Split this 142 characters long line (which is greater than 120 authorized).	2020-04-13T11:36:27+0530	CODE_SMELL	"convention / "	13thApril_Demo:okcs_answer_full_preview.php		default-organization	{startLine=100.0, endLine=100.0, startOffset=0.0, endOffset=142.0}	1min	AXFyJbLLoxlLIrvNu6_r	94a240984ce02189dd9a3145816d5857	OPEN
CRITICAL	2020-04-13T11:36:27+0530			false	107.0	php:S134	13thApril_Demo	10min	"Refactor this code to not nest more than 4 ""if"", ""for"", ""while"", ""switch"" and ""try"" statements."	2020-04-13T11:36:27+0530	CODE_SMELL	"brain-overload / "	13thApril_Demo:okcs_answer_full_preview.php	"{locations=[{component=13thApril_Demo:okcs_answer_full_preview.php, textRange={startLine=107.0, endLine=107.0, startOffset=43.0, endOffset=45.0}, msg=Nesting +1}]} / {locations=[{component=13thApril_Demo:okcs_answer_full_preview.php, textRange={startLine=105.0, endLine=105.0, startOffset=35.0, endOffset=37.0}, msg=Nesting +1}]} / {locations=[{component=13thApril_Demo:okcs_answer_full_preview.php, textRange={startLine=69.0, endLine=69.0, startOffset=27.0, endOffset=29.0}, msg=Nesting +1}]} / {locations=[{component=13thApril_Demo:okcs_answer_full_preview.php, textRange={startLine=66.0, endLine=66.0, startOffset=23.0, endOffset=30.0}, msg=Nesting +1}]} / {locations=[{component=13thApril_Demo:okcs_answer_full_preview.php, textRange={startLine=62.0, endLine=62.0, startOffset=19.0, endOffset=26.0}, msg=Nesting +1}]} / "	default-organization	{startLine=107.0, endLine=107.0, startOffset=43.0, endOffset=45.0}	10min	AXFyJbLLoxlLIrvNu6_3	d409d2f59aad15153f1b5a5643c9bf82	OPEN
MAJOR	2020-04-13T11:36:27+0530			false	108.0	php:S103	13thApril_Demo	1min	Split this 153 characters long line (which is greater than 120 authorized).	2020-04-13T11:36:27+0530	CODE_SMELL	"convention / "	13thApril_Demo:okcs_answer_full_preview.php		default-organization	{startLine=108.0, endLine=108.0, startOffset=0.0, endOffset=153.0}	1min	AXFyJbLLoxlLIrvNu6_s	e0c2332da50b9b9304d449ec44e0653f	OPEN
CRITICAL	2020-04-13T11:36:27+0530			false	109.0	php:S126	13thApril_Demo	5min	"Add the missing ""else"" clause."	2020-04-13T11:36:27+0530	CODE_SMELL		13thApril_Demo:okcs_answer_full_preview.php		default-organization	{startLine=109.0, endLine=109.0, startOffset=43.0, endOffset=49.0}	5min	AXFyJbLLoxlLIrvNu6_0	84a06c38116f90e4b13a9b67350ea475	OPEN
CRITICAL	2020-04-13T11:36:27+0530			false	117.0	php:S134	13thApril_Demo	10min	"Refactor this code to not nest more than 4 ""if"", ""for"", ""while"", ""switch"" and ""try"" statements."	2020-04-13T11:36:27+0530	CODE_SMELL	"brain-overload / "	13thApril_Demo:okcs_answer_full_preview.php	"{locations=[{component=13thApril_Demo:okcs_answer_full_preview.php, textRange={startLine=117.0, endLine=117.0, startOffset=35.0, endOffset=38.0}, msg=Nesting +1}]} / {locations=[{component=13thApril_Demo:okcs_answer_full_preview.php, textRange={startLine=116.0, endLine=116.0, startOffset=31.0, endOffset=33.0}, msg=Nesting +1}]} / {locations=[{component=13thApril_Demo:okcs_answer_full_preview.php, textRange={startLine=69.0, endLine=69.0, startOffset=27.0, endOffset=29.0}, msg=Nesting +1}]} / {locations=[{component=13thApril_Demo:okcs_answer_full_preview.php, textRange={startLine=66.0, endLine=66.0, startOffset=23.0, endOffset=30.0}, msg=Nesting +1}]} / {locations=[{component=13thApril_Demo:okcs_answer_full_preview.php, textRange={startLine=62.0, endLine=62.0, startOffset=19.0, endOffset=26.0}, msg=Nesting +1}]} / "	default-organization	{startLine=117.0, endLine=117.0, startOffset=35.0, endOffset=38.0}	10min	AXFyJbLLoxlLIrvNu6_4	78b18fd18de3e69468501c8c8eac42f9	OPEN
