<?xml version='1.0' encoding='UTF-8'?><profile><name>Final_PHP_Rules_8thApril</name><language>php</language><rules><rule><repositoryKey>common-php</repositoryKey><key>DuplicatedBlocks</key><type>CODE_SMELL</type><priority>MAJOR</priority><parameters/></rule><rule><repositoryKey>common-php</repositoryKey><key>FailedUnitTests</key><type>BUG</type><priority>MAJOR</priority><parameters/></rule><rule><repositoryKey>common-php</repositoryKey><key>InsufficientBranchCoverage</key><type>CODE_SMELL</type><priority>MAJOR</priority><parameters><parameter><key>minimumBranchCoverageRatio</key><value>65</value></parameter></parameters></rule><rule><repositoryKey>common-php</repositoryKey><key>InsufficientCommentDensity</key><type>CODE_SMELL</type><priority>MAJOR</priority><parameters><parameter><key>minimumCommentDensity</key><value>25</value></parameter></parameters></rule><rule><repositoryKey>common-php</repositoryKey><key>InsufficientLineCoverage</key><type>CODE_SMELL</type><priority>MAJOR</priority><parameters><parameter><key>minimumLineCoverageRatio</key><value>65</value></parameter></parameters></rule><rule><repositoryKey>common-php</repositoryKey><key>SkippedUnitTests</key><type>CODE_SMELL</type><priority>MAJOR</priority><parameters/></rule><rule><repositoryKey>custom</repositoryKey><key>NullValue</key><type>CODE_SMELL</type><priority>MAJOR</priority><parameters/></rule><rule><repositoryKey>custom</repositoryKey><key>ROQLInTryCatch</key><type>CODE_SMELL</type><priority>MAJOR</priority><parameters/></rule><rule><repositoryKey>custom</repositoryKey><key>S1</key><type>CODE_SMELL</type><priority>MAJOR</priority><parameters/></rule><rule><repositoryKey>custom</repositoryKey><key>S2</key><type>CODE_SMELL</type><priority>MAJOR</priority><parameters/></rule><rule><repositoryKey>custom</repositoryKey><key>UseFetchInsteadOfFind</key><type>CODE_SMELL</type><priority>MAJOR</priority><parameters/></rule><rule><repositoryKey>custom</repositoryKey><key>UseRNCPHPInsteadOfROQL</key><type>CODE_SMELL</type><priority>MAJOR</priority><parameters/></rule><rule><repositoryKey>php</repositoryKey><key>NoSonar</key><type>CODE_SMELL</type><priority>MAJOR</priority><parameters/></rule><rule><repositoryKey>php</repositoryKey><key>S100</key><type>CODE_SMELL</type><priority>MINOR</priority><parameters><parameter><key>format</key><value>^[a-z][a-zA-Z0-9]*$</value></parameter></parameters></rule><rule><repositoryKey>php</repositoryKey><key>S101</key><type>CODE_SMELL</type><priority>MINOR</priority><parameters><parameter><key>format</key><value>^[A-Z][a-zA-Z0-9]*$</value></parameter></parameters></rule><rule><repositoryKey>php</repositoryKey><key>S103</key><type>CODE_SMELL</type><priority>MAJOR</priority><parameters><parameter><key>maximumLineLength</key><value>120</value></parameter></parameters></rule><rule><repositoryKey>php</repositoryKey><key>S104</key><type>CODE_SMELL</type><priority>MAJOR</priority><parameters><parameter><key>max</key><value>1000</value></parameter></parameters></rule><rule><repositoryKey>php</repositoryKey><key>S105</key><type>CODE_SMELL</type><priority>MINOR</priority><parameters/></rule><rule><repositoryKey>php</repositoryKey><key>S1066</key><type>CODE_SMELL</type><priority>MAJOR</priority><parameters/></rule><rule><repositoryKey>php</repositoryKey><key>S1067</key><type>CODE_SMELL</type><priority>CRITICAL</priority><parameters><parameter><key>max</key><value>3</value></parameter></parameters></rule><rule><repositoryKey>php</repositoryKey><key>S1068</key><type>CODE_SMELL</type><priority>MAJOR</priority><parameters/></rule><rule><repositoryKey>php</repositoryKey><key>S107</key><type>CODE_SMELL</type><priority>MAJOR</priority><parameters><parameter><key>max</key><value>7</value></parameter><parameter><key>constructorMax</key><value>7</value></parameter></parameters></rule><rule><repositoryKey>php</repositoryKey><key>S1075</key><type>CODE_SMELL</type><priority>MINOR</priority><parameters/></rule><rule><repositoryKey>php</repositoryKey><key>S108</key><type>CODE_SMELL</type><priority>MAJOR</priority><parameters/></rule><rule><repositoryKey>php</repositoryKey><key>S1105</key><type>CODE_SMELL</type><priority>MINOR</priority><parameters/></rule><rule><repositoryKey>php</repositoryKey><key>S1106</key><type>CODE_SMELL</type><priority>MINOR</priority><parameters/></rule><rule><repositoryKey>php</repositoryKey><key>S1109</key><type>CODE_SMELL</type><priority>MINOR</priority><parameters/></rule><rule><repositoryKey>php</repositoryKey><key>S1110</key><type>CODE_SMELL</type><priority>MAJOR</priority><parameters/></rule><rule><repositoryKey>php</repositoryKey><key>S1116</key><type>CODE_SMELL</type><priority>MINOR</priority><parameters/></rule><rule><repositoryKey>php</repositoryKey><key>S1117</key><type>CODE_SMELL</type><priority>MAJOR</priority><parameters/></rule><rule><repositoryKey>php</repositoryKey><key>S112</key><type>CODE_SMELL</type><priority>MAJOR</priority><parameters/></rule><rule><repositoryKey>php</repositoryKey><key>S1121</key><type>CODE_SMELL</type><priority>MAJOR</priority><parameters/></rule><rule><repositoryKey>php</repositoryKey><key>S1124</key><type>CODE_SMELL</type><priority>MINOR</priority><parameters/></rule><rule><repositoryKey>php</repositoryKey><key>S1125</key><type>CODE_SMELL</type><priority>MINOR</priority><parameters/></rule><rule><repositoryKey>php</repositoryKey><key>S1126</key><type>CODE_SMELL</type><priority>MINOR</priority><parameters/></rule><rule><repositoryKey>php</repositoryKey><key>S113</key><type>CODE_SMELL</type><priority>MINOR</priority><parameters/></rule><rule><repositoryKey>php</repositoryKey><key>S1131</key><type>CODE_SMELL</type><priority>MINOR</priority><parameters/></rule><rule><repositoryKey>php</repositoryKey><key>S1134</key><type>CODE_SMELL</type><priority>MAJOR</priority><parameters/></rule><rule><repositoryKey>php</repositoryKey><key>S1135</key><type>CODE_SMELL</type><priority>INFO</priority><parameters/></rule><rule><repositoryKey>php</repositoryKey><key>S114</key><type>CODE_SMELL</type><priority>MINOR</priority><parameters><parameter><key>format</key><value>^[A-Z][a-zA-Z0-9]*$</value></parameter></parameters></rule><rule><repositoryKey>php</repositoryKey><key>S1142</key><type>CODE_SMELL</type><priority>MAJOR</priority><parameters><parameter><key>max</key><value>3</value></parameter></parameters></rule><rule><repositoryKey>php</repositoryKey><key>S1144</key><type>CODE_SMELL</type><priority>MAJOR</priority><parameters/></rule><rule><repositoryKey>php</repositoryKey><key>S1145</key><type>BUG</type><priority>MAJOR</priority><parameters/></rule><rule><repositoryKey>php</repositoryKey><key>S115</key><type>CODE_SMELL</type><priority>CRITICAL</priority><parameters><parameter><key>format</key><value>^[A-Z][A-Z0-9]*(_[A-Z0-9]+)*$</value></parameter></parameters></rule><rule><repositoryKey>php</repositoryKey><key>S1151</key><type>CODE_SMELL</type><priority>MAJOR</priority><parameters><parameter><key>max</key><value>10</value></parameter></parameters></rule><rule><repositoryKey>php</repositoryKey><key>S116</key><type>CODE_SMELL</type><priority>MINOR</priority><parameters><parameter><key>format</key><value>^[a-z][a-zA-Z0-9]*$</value></parameter></parameters></rule><rule><repositoryKey>php</repositoryKey><key>S117</key><type>CODE_SMELL</type><priority>MINOR</priority><parameters><parameter><key>format</key><value>^[a-z][a-zA-Z0-9]*$</value></parameter></parameters></rule><rule><repositoryKey>php</repositoryKey><key>S1172</key><type>CODE_SMELL</type><priority>MAJOR</priority><parameters/></rule><rule><repositoryKey>php</repositoryKey><key>S1185</key><type>CODE_SMELL</type><priority>MINOR</priority><parameters/></rule><rule><repositoryKey>php</repositoryKey><key>S1192</key><type>CODE_SMELL</type><priority>CRITICAL</priority><parameters><parameter><key>threshold</key><value>3</value></parameter></parameters></rule><rule><repositoryKey>php</repositoryKey><key>S1200</key><type>CODE_SMELL</type><priority>MAJOR</priority><parameters><parameter><key>max</key><value>20</value></parameter></parameters></rule><rule><repositoryKey>php</repositoryKey><key>S121</key><type>CODE_SMELL</type><priority>CRITICAL</priority><parameters/></rule><rule><repositoryKey>php</repositoryKey><key>S122</key><type>CODE_SMELL</type><priority>MAJOR</priority><parameters/></rule><rule><repositoryKey>php</repositoryKey><key>S125</key><type>CODE_SMELL</type><priority>MAJOR</priority><parameters/></rule><rule><repositoryKey>php</repositoryKey><key>S126</key><type>CODE_SMELL</type><priority>CRITICAL</priority><parameters/></rule><rule><repositoryKey>php</repositoryKey><key>S1264</key><type>CODE_SMELL</type><priority>MINOR</priority><parameters/></rule><rule><repositoryKey>php</repositoryKey><key>S127</key><type>CODE_SMELL</type><priority>MAJOR</priority><parameters/></rule><rule><repositoryKey>php</repositoryKey><key>S128</key><type>CODE_SMELL</type><priority>BLOCKER</priority><parameters/></rule><rule><repositoryKey>php</repositoryKey><key>S1301</key><type>CODE_SMELL</type><priority>MINOR</priority><parameters/></rule><rule><repositoryKey>php</repositoryKey><key>S131</key><type>CODE_SMELL</type><priority>CRITICAL</priority><parameters/></rule><rule><repositoryKey>php</repositoryKey><key>S1311</key><type>CODE_SMELL</type><priority>CRITICAL</priority><parameters><parameter><key>max</key><value>200</value></parameter></parameters></rule><rule><repositoryKey>php</repositoryKey><key>S1313</key><type>SECURITY_HOTSPOT</type><priority>MINOR</priority><parameters/></rule><rule><repositoryKey>php</repositoryKey><key>S134</key><type>CODE_SMELL</type><priority>CRITICAL</priority><parameters><parameter><key>max</key><value>4</value></parameter></parameters></rule><rule><repositoryKey>php</repositoryKey><key>S138</key><type>CODE_SMELL</type><priority>MAJOR</priority><parameters><parameter><key>max</key><value>150</value></parameter></parameters></rule><rule><repositoryKey>php</repositoryKey><key>S139</key><type>CODE_SMELL</type><priority>MINOR</priority><parameters><parameter><key>legalTrailingCommentPattern</key><value>^(//|#)\s*+[^\s]++$</value></parameter></parameters></rule><rule><repositoryKey>php</repositoryKey><key>S1448</key><type>CODE_SMELL</type><priority>MAJOR</priority><parameters><parameter><key>countNonpublicMethods</key><value>true</value></parameter><parameter><key>maximumMethodThreshold</key><value>20</value></parameter></parameters></rule><rule><repositoryKey>php</repositoryKey><key>S1451</key><type>CODE_SMELL</type><priority>BLOCKER</priority><parameters/></rule><rule><repositoryKey>php</repositoryKey><key>S1479</key><type>CODE_SMELL</type><priority>MAJOR</priority><parameters><parameter><key>max</key><value>30</value></parameter></parameters></rule><rule><repositoryKey>php</repositoryKey><key>S1481</key><type>CODE_SMELL</type><priority>MINOR</priority><parameters/></rule><rule><repositoryKey>php</repositoryKey><key>S1488</key><type>CODE_SMELL</type><priority>MINOR</priority><parameters/></rule><rule><repositoryKey>php</repositoryKey><key>S1523</key><type>SECURITY_HOTSPOT</type><priority>CRITICAL</priority><parameters/></rule><rule><repositoryKey>php</repositoryKey><key>S1536</key><type>BUG</type><priority>MAJOR</priority><parameters/></rule><rule><repositoryKey>php</repositoryKey><key>S1541</key><type>CODE_SMELL</type><priority>CRITICAL</priority><parameters><parameter><key>threshold</key><value>20</value></parameter></parameters></rule><rule><repositoryKey>php</repositoryKey><key>S1578</key><type>CODE_SMELL</type><priority>MINOR</priority><parameters><parameter><key>format</key><value>[a-z][A-Za-z0-9]+.php</value></parameter></parameters></rule><rule><repositoryKey>php</repositoryKey><key>S1599</key><type>CODE_SMELL</type><priority>BLOCKER</priority><parameters/></rule><rule><repositoryKey>php</repositoryKey><key>S1600</key><type>CODE_SMELL</type><priority>MAJOR</priority><parameters/></rule><rule><repositoryKey>php</repositoryKey><key>S1603</key><type>CODE_SMELL</type><priority>MAJOR</priority><parameters/></rule><rule><repositoryKey>php</repositoryKey><key>S1605</key><type>CODE_SMELL</type><priority>MAJOR</priority><parameters/></rule><rule><repositoryKey>php</repositoryKey><key>S1656</key><type>BUG</type><priority>MAJOR</priority><parameters/></rule><rule><repositoryKey>php</repositoryKey><key>S1697</key><type>BUG</type><priority>MAJOR</priority><parameters/></rule><rule><repositoryKey>php</repositoryKey><key>S1751</key><type>BUG</type><priority>MAJOR</priority><parameters/></rule><rule><repositoryKey>php</repositoryKey><key>S1757</key><type>CODE_SMELL</type><priority>MINOR</priority><parameters/></rule><rule><repositoryKey>php</repositoryKey><key>S1763</key><type>BUG</type><priority>MAJOR</priority><parameters/></rule><rule><repositoryKey>php</repositoryKey><key>S1764</key><type>BUG</type><priority>MAJOR</priority><parameters/></rule><rule><repositoryKey>php</repositoryKey><key>S1765</key><type>CODE_SMELL</type><priority>MINOR</priority><parameters/></rule><rule><repositoryKey>php</repositoryKey><key>S1766</key><type>CODE_SMELL</type><priority>MINOR</priority><parameters/></rule><rule><repositoryKey>php</repositoryKey><key>S1779</key><type>CODE_SMELL</type><priority>MINOR</priority><parameters/></rule><rule><repositoryKey>php</repositoryKey><key>S1780</key><type>CODE_SMELL</type><priority>MINOR</priority><parameters/></rule><rule><repositoryKey>php</repositoryKey><key>S1781</key><type>CODE_SMELL</type><priority>MINOR</priority><parameters/></rule><rule><repositoryKey>php</repositoryKey><key>S1784</key><type>BUG</type><priority>MINOR</priority><parameters/></rule><rule><repositoryKey>php</repositoryKey><key>S1788</key><type>CODE_SMELL</type><priority>MAJOR</priority><parameters/></rule><rule><repositoryKey>php</repositoryKey><key>S1793</key><type>CODE_SMELL</type><priority>MINOR</priority><parameters/></rule><rule><repositoryKey>php</repositoryKey><key>S1799</key><type>BUG</type><priority>BLOCKER</priority><parameters/></rule><rule><repositoryKey>php</repositoryKey><key>S1808</key><type>CODE_SMELL</type><priority>MINOR</priority><parameters><parameter><key>extends_implements_line</key><value>true</value></parameter><parameter><key>no_space_method_name</key><value>true</value></parameter><parameter><key>closure_format</key><value>true</value></parameter><parameter><key>space_comma</key><value>true</value></parameter><parameter><key>open_curly_brace_classes_functions</key><value>true</value></parameter><parameter><key>namespace_blank_line</key><value>true</value></parameter><parameter><key>open_curly_brace_control_structures</key><value>true</value></parameter><parameter><key>one_space_after</key><value>true</value></parameter><parameter><key>interfaces_indentation</key><value>true</value></parameter><parameter><key>foreach_space</key><value>true</value></parameter><parameter><key>no_space</key><value>true</value></parameter><parameter><key>function_calls_arguments_indentation</key><value>true</value></parameter><parameter><key>closing_curly_brace</key><value>true</value></parameter><parameter><key>function_declaration_arguments_indentation</key><value>true</value></parameter><parameter><key>use_blank_line</key><value>true</value></parameter><parameter><key>one_space_for</key><value>true</value></parameter><parameter><key>use_after_namespace</key><value>true</value></parameter><parameter><key>one_space_before</key><value>true</value></parameter></parameters></rule><rule><repositoryKey>php</repositoryKey><key>S1820</key><type>CODE_SMELL</type><priority>MAJOR</priority><parameters><parameter><key>countNonpublicFields</key><value>true</value></parameter><parameter><key>maximumFieldThreshold</key><value>20</value></parameter></parameters></rule><rule><repositoryKey>php</repositoryKey><key>S1848</key><type>BUG</type><priority>MAJOR</priority><parameters/></rule><rule><repositoryKey>php</repositoryKey><key>S1854</key><type>CODE_SMELL</type><priority>MAJOR</priority><parameters/></rule><rule><repositoryKey>php</repositoryKey><key>S1862</key><type>BUG</type><priority>MAJOR</priority><parameters/></rule><rule><repositoryKey>php</repositoryKey><key>S1871</key><type>CODE_SMELL</type><priority>MAJOR</priority><parameters/></rule><rule><repositoryKey>php</repositoryKey><key>S1990</key><type>CODE_SMELL</type><priority>MINOR</priority><parameters/></rule><rule><repositoryKey>php</repositoryKey><key>S1996</key><type>CODE_SMELL</type><priority>MAJOR</priority><parameters/></rule><rule><repositoryKey>php</repositoryKey><key>S1997</key><type>CODE_SMELL</type><priority>MAJOR</priority><parameters/></rule><rule><repositoryKey>php</repositoryKey><key>S1998</key><type>CODE_SMELL</type><priority>CRITICAL</priority><parameters/></rule><rule><repositoryKey>php</repositoryKey><key>S2000</key><type>BUG</type><priority>MINOR</priority><parameters/></rule><rule><repositoryKey>php</repositoryKey><key>S2001</key><type>CODE_SMELL</type><priority>MAJOR</priority><parameters/></rule><rule><repositoryKey>php</repositoryKey><key>S2002</key><type>BUG</type><priority>MINOR</priority><parameters/></rule><rule><repositoryKey>php</repositoryKey><key>S2003</key><type>BUG</type><priority>MINOR</priority><parameters/></rule><rule><repositoryKey>php</repositoryKey><key>S2004</key><type>CODE_SMELL</type><priority>CRITICAL</priority><parameters><parameter><key>max</key><value>3</value></parameter></parameters></rule><rule><repositoryKey>php</repositoryKey><key>S2005</key><type>CODE_SMELL</type><priority>MINOR</priority><parameters/></rule><rule><repositoryKey>php</repositoryKey><key>S2007</key><type>CODE_SMELL</type><priority>BLOCKER</priority><parameters/></rule><rule><repositoryKey>php</repositoryKey><key>S2010</key><type>CODE_SMELL</type><priority>MINOR</priority><parameters/></rule><rule><repositoryKey>php</repositoryKey><key>S2011</key><type>CODE_SMELL</type><priority>CRITICAL</priority><parameters/></rule><rule><repositoryKey>php</repositoryKey><key>S2014</key><type>BUG</type><priority>BLOCKER</priority><parameters/></rule><rule><repositoryKey>php</repositoryKey><key>S2036</key><type>BUG</type><priority>MAJOR</priority><parameters/></rule><rule><repositoryKey>php</repositoryKey><key>S2037</key><type>BUG</type><priority>MINOR</priority><parameters/></rule><rule><repositoryKey>php</repositoryKey><key>S2038</key><type>CODE_SMELL</type><priority>MINOR</priority><parameters/></rule><rule><repositoryKey>php</repositoryKey><key>S2041</key><type>CODE_SMELL</type><priority>CRITICAL</priority><parameters/></rule><rule><repositoryKey>php</repositoryKey><key>S2042</key><type>CODE_SMELL</type><priority>MAJOR</priority><parameters><parameter><key>maximumLinesThreshold</key><value>200</value></parameter></parameters></rule><rule><repositoryKey>php</repositoryKey><key>S2043</key><type>CODE_SMELL</type><priority>MINOR</priority><parameters/></rule><rule><repositoryKey>php</repositoryKey><key>S2044</key><type>CODE_SMELL</type><priority>MAJOR</priority><parameters/></rule><rule><repositoryKey>php</repositoryKey><key>S2046</key><type>CODE_SMELL</type><priority>MINOR</priority><parameters/></rule><rule><repositoryKey>php</repositoryKey><key>S2047</key><type>CODE_SMELL</type><priority>MAJOR</priority><parameters/></rule><rule><repositoryKey>php</repositoryKey><key>S2050</key><type>CODE_SMELL</type><priority>MINOR</priority><parameters/></rule><rule><repositoryKey>php</repositoryKey><key>S2053</key><type>VULNERABILITY</type><priority>CRITICAL</priority><parameters/></rule><rule><repositoryKey>php</repositoryKey><key>S2068</key><type>SECURITY_HOTSPOT</type><priority>BLOCKER</priority><parameters><parameter><key>credentialWords</key><value>password,passwd,pwd</value></parameter></parameters></rule><rule><repositoryKey>php</repositoryKey><key>S2070</key><type>VULNERABILITY</type><priority>CRITICAL</priority><parameters/></rule><rule><repositoryKey>php</repositoryKey><key>S2077</key><type>SECURITY_HOTSPOT</type><priority>CRITICAL</priority><parameters/></rule><rule><repositoryKey>php</repositoryKey><key>S2092</key><type>SECURITY_HOTSPOT</type><priority>MINOR</priority><parameters/></rule><rule><repositoryKey>php</repositoryKey><key>S2115</key><type>VULNERABILITY</type><priority>BLOCKER</priority><parameters/></rule><rule><repositoryKey>php</repositoryKey><key>S2123</key><type>BUG</type><priority>MAJOR</priority><parameters/></rule><rule><repositoryKey>php</repositoryKey><key>S2201</key><type>BUG</type><priority>MAJOR</priority><parameters/></rule><rule><repositoryKey>php</repositoryKey><key>S2245</key><type>SECURITY_HOTSPOT</type><priority>CRITICAL</priority><parameters/></rule><rule><repositoryKey>php</repositoryKey><key>S2251</key><type>BUG</type><priority>MAJOR</priority><parameters/></rule><rule><repositoryKey>php</repositoryKey><key>S2255</key><type>SECURITY_HOTSPOT</type><priority>MINOR</priority><parameters/></rule><rule><repositoryKey>php</repositoryKey><key>S2260</key><type>CODE_SMELL</type><priority>MAJOR</priority><parameters/></rule><rule><repositoryKey>php</repositoryKey><key>S2277</key><type>VULNERABILITY</type><priority>CRITICAL</priority><parameters/></rule><rule><repositoryKey>php</repositoryKey><key>S2278</key><type>VULNERABILITY</type><priority>BLOCKER</priority><parameters/></rule><rule><repositoryKey>php</repositoryKey><key>S2681</key><type>CODE_SMELL</type><priority>MAJOR</priority><parameters/></rule><rule><repositoryKey>php</repositoryKey><key>S2737</key><type>CODE_SMELL</type><priority>MINOR</priority><parameters/></rule><rule><repositoryKey>php</repositoryKey><key>S2757</key><type>BUG</type><priority>MAJOR</priority><parameters/></rule><rule><repositoryKey>php</repositoryKey><key>S2830</key><type>CODE_SMELL</type><priority>MAJOR</priority><parameters/></rule><rule><repositoryKey>php</repositoryKey><key>S2918</key><type>CODE_SMELL</type><priority>MAJOR</priority><parameters/></rule><rule><repositoryKey>php</repositoryKey><key>S2964</key><type>VULNERABILITY</type><priority>MINOR</priority><parameters/></rule><rule><repositoryKey>php</repositoryKey><key>S3011</key><type>SECURITY_HOTSPOT</type><priority>CRITICAL</priority><parameters/></rule><rule><repositoryKey>php</repositoryKey><key>S3330</key><type>SECURITY_HOTSPOT</type><priority>MINOR</priority><parameters/></rule><rule><repositoryKey>php</repositoryKey><key>S3331</key><type>SECURITY_HOTSPOT</type><priority>INFO</priority><parameters/></rule><rule><repositoryKey>php</repositoryKey><key>S3332</key><type>VULNERABILITY</type><priority>CRITICAL</priority><parameters/></rule><rule><repositoryKey>php</repositoryKey><key>S3333</key><type>VULNERABILITY</type><priority>BLOCKER</priority><parameters/></rule><rule><repositoryKey>php</repositoryKey><key>S3334</key><type>VULNERABILITY</type><priority>BLOCKER</priority><parameters/></rule><rule><repositoryKey>php</repositoryKey><key>S3335</key><type>VULNERABILITY</type><priority>MAJOR</priority><parameters/></rule><rule><repositoryKey>php</repositoryKey><key>S3336</key><type>VULNERABILITY</type><priority>BLOCKER</priority><parameters/></rule><rule><repositoryKey>php</repositoryKey><key>S3337</key><type>VULNERABILITY</type><priority>BLOCKER</priority><parameters/></rule><rule><repositoryKey>php</repositoryKey><key>S3338</key><type>VULNERABILITY</type><priority>BLOCKER</priority><parameters/></rule><rule><repositoryKey>php</repositoryKey><key>S3358</key><type>CODE_SMELL</type><priority>MAJOR</priority><parameters/></rule><rule><repositoryKey>php</repositoryKey><key>S3626</key><type>CODE_SMELL</type><priority>MINOR</priority><parameters/></rule><rule><repositoryKey>php</repositoryKey><key>S3699</key><type>BUG</type><priority>MAJOR</priority><parameters/></rule><rule><repositoryKey>php</repositoryKey><key>S3776</key><type>CODE_SMELL</type><priority>CRITICAL</priority><parameters><parameter><key>threshold</key><value>15</value></parameter></parameters></rule><rule><repositoryKey>php</repositoryKey><key>S3801</key><type>CODE_SMELL</type><priority>MAJOR</priority><parameters/></rule><rule><repositoryKey>php</repositoryKey><key>S3923</key><type>BUG</type><priority>MAJOR</priority><parameters/></rule><rule><repositoryKey>php</repositoryKey><key>S3972</key><type>CODE_SMELL</type><priority>CRITICAL</priority><parameters/></rule><rule><repositoryKey>php</repositoryKey><key>S3973</key><type>CODE_SMELL</type><priority>CRITICAL</priority><parameters/></rule><rule><repositoryKey>php</repositoryKey><key>S3981</key><type>BUG</type><priority>MAJOR</priority><parameters/></rule><rule><repositoryKey>php</repositoryKey><key>S3984</key><type>BUG</type><priority>MAJOR</priority><parameters/></rule><rule><repositoryKey>php</repositoryKey><key>S4142</key><type>CODE_SMELL</type><priority>MAJOR</priority><parameters/></rule><rule><repositoryKey>php</repositoryKey><key>S4144</key><type>CODE_SMELL</type><priority>MAJOR</priority><parameters/></rule><rule><repositoryKey>php</repositoryKey><key>S4423</key><type>VULNERABILITY</type><priority>MAJOR</priority><parameters/></rule><rule><repositoryKey>php</repositoryKey><key>S4426</key><type>VULNERABILITY</type><priority>BLOCKER</priority><parameters/></rule><rule><repositoryKey>php</repositoryKey><key>S4433</key><type>VULNERABILITY</type><priority>CRITICAL</priority><parameters/></rule><rule><repositoryKey>php</repositoryKey><key>S4507</key><type>SECURITY_HOTSPOT</type><priority>CRITICAL</priority><parameters/></rule><rule><repositoryKey>php</repositoryKey><key>S4508</key><type>SECURITY_HOTSPOT</type><priority>CRITICAL</priority><parameters/></rule><rule><repositoryKey>php</repositoryKey><key>S4524</key><type>CODE_SMELL</type><priority>CRITICAL</priority><parameters/></rule><rule><repositoryKey>php</repositoryKey><key>S4784</key><type>SECURITY_HOTSPOT</type><priority>CRITICAL</priority><parameters/></rule><rule><repositoryKey>php</repositoryKey><key>S4787</key><type>SECURITY_HOTSPOT</type><priority>CRITICAL</priority><parameters/></rule><rule><repositoryKey>php</repositoryKey><key>S4790</key><type>SECURITY_HOTSPOT</type><priority>CRITICAL</priority><parameters/></rule><rule><repositoryKey>php</repositoryKey><key>S4792</key><type>SECURITY_HOTSPOT</type><priority>CRITICAL</priority><parameters/></rule><rule><repositoryKey>php</repositoryKey><key>S4818</key><type>SECURITY_HOTSPOT</type><priority>CRITICAL</priority><parameters/></rule><rule><repositoryKey>php</repositoryKey><key>S4823</key><type>SECURITY_HOTSPOT</type><priority>CRITICAL</priority><parameters/></rule><rule><repositoryKey>php</repositoryKey><key>S4828</key><type>SECURITY_HOTSPOT</type><priority>CRITICAL</priority><parameters/></rule><rule><repositoryKey>php</repositoryKey><key>S4829</key><type>SECURITY_HOTSPOT</type><priority>CRITICAL</priority><parameters/></rule><rule><repositoryKey>php</repositoryKey><key>S4830</key><type>VULNERABILITY</type><priority>CRITICAL</priority><parameters/></rule><rule><repositoryKey>php</repositoryKey><key>S4833</key><type>CODE_SMELL</type><priority>MAJOR</priority><parameters/></rule><rule><repositoryKey>php</repositoryKey><key>S4834</key><type>SECURITY_HOTSPOT</type><priority>CRITICAL</priority><parameters/></rule><rule><repositoryKey>php</repositoryKey><key>S5328</key><type>SECURITY_HOTSPOT</type><priority>CRITICAL</priority><parameters/></rule><rule><repositoryKey>php</repositoryKey><key>S836</key><type>BUG</type><priority>MAJOR</priority><parameters/></rule><rule><repositoryKey>php</repositoryKey><key>S881</key><type>CODE_SMELL</type><priority>MAJOR</priority><parameters/></rule><rule><repositoryKey>php</repositoryKey><key>S905</key><type>BUG</type><priority>MAJOR</priority><parameters/></rule><rule><repositoryKey>php</repositoryKey><key>S907</key><type>CODE_SMELL</type><priority>MAJOR</priority><parameters/></rule></rules></profile>